minute_utc,box_target_rate_tx_s,runner_reps_paused,box_submitted_tx_s,box_accepted_tx_s,runners_sending,n0_mempool_min,n0_mempool_median,n0_mempool_max,n0_processed_tx_s_all_senders,disk_free_gb_min,storm_watch_pause_flags
2026-10-01 18:00,0,0,0.0,0.0,0,0,50,57,118.5,55.52,0
2026-10-01 18:01,0,0,0.0,0.0,0,0,0,0,119.7,55.48,0
2026-10-01 18:02,0,0,0.0,0.0,0,0,0,7,113.8,55.42,0
2026-10-01 18:03,0,0,0.0,0.0,0,0,50,51,106.7,55.47,0
2026-10-01 18:04,0,0,0.0,0.0,0,0,0,50,107.4,55.5,0
2026-10-01 18:05,0,0,0.0,0.0,0,0,0,1,106.5,55.45,0
2026-10-01 18:06,0,0,0.0,0.0,0,0,0,1,105.1,55.52,0
2026-10-01 18:07,0,0,0.0,0.0,0,0,4,50,108.7,55.56,0
2026-10-01 18:08,0,0,0.0,0.0,0,0,0,107,103.2,55.52,0
2026-10-01 18:09,0,0,0.0,0.0,0,0,28,50,115.0,55.55,0
2026-10-01 18:10,0,0,0.0,0.0,0,0,0,0,109.2,55.54,0
2026-10-01 18:11,0,0,0.0,0.0,0,0,0,0,113.8,55.55,0
2026-10-01 18:12,0,0,0.0,0.0,0,0,0,0,105.5,55.57,0
2026-10-01 18:13,0,0,0.0,0.0,0,0,0,50,99.2,55.62,0
2026-10-01 18:14,100,0,21.9,19.7,1,0,0,7,116.5,55.74,0
2026-10-01 18:15,100,0,100.0,99.9,1,93,123,148,357.7,55.77,0
2026-10-01 18:16,100,0,78.4,80.7,1,80,111,216,378.6,55.76,0
2026-10-01 18:17,0,0,0.0,0.0,0,0,26,50,122.6,55.78,0
2026-10-01 18:18,0,0,0.0,0.0,0,0,0,50,111.2,55.77,0
2026-10-01 18:19,0,0,0.0,0.0,0,0,0,50,112.0,55.77,0
2026-10-01 18:20,0,0,0.0,0.0,0,0,0,50,109.0,55.71,0
2026-10-01 18:21,0,0,0.0,0.0,0,0,0,0,98.8,55.57,0
2026-10-01 18:22,0,0,0.0,0.0,0,0,0,0,94.6,55.57,0
2026-10-01 18:23,0,0,0.0,0.0,0,0,1,62,117.7,55.57,0
2026-10-01 18:24,0,0,0.0,0.0,0,0,0,52,114.2,55.63,0
2026-10-01 18:25,0,0,0.0,0.0,0,0,50,51,98.0,55.73,0
2026-10-01 18:26,0,0,0.0,0.0,0,0,25,51,100.6,55.75,0
2026-10-01 18:27,0,0,0.0,0.0,0,0,0,50,99.3,55.74,0
2026-10-01 18:28,0,0,0.0,0.0,0,0,0,51,97.8,55.73,0
2026-10-01 18:29,0,0,0.0,0.0,0,0,25,50,103.8,55.75,0
2026-10-01 18:30,0,0,0.0,0.0,0,0,28,50,120.5,55.74,0
2026-10-01 18:31,0,0,0.0,0.0,0,0,25,51,106.7,55.74,0
2026-10-01 18:32,0,0,0.0,0.0,0,0,0,57,104.5,55.74,0
2026-10-01 18:33,0,0,0.0,0.0,0,0,0,0,95.7,55.72,0
2026-10-01 18:34,0,0,0.0,0.0,0,0,0,0,103.9,55.72,0
2026-10-01 18:35,0,0,0.0,0.0,0,0,25,50,134.2,55.65,0
2026-10-01 18:36,0,0,0.0,0.0,0,0,0,7,127.2,55.59,0
2026-10-01 18:37,0,0,58.5,50.0,2,0,0,50,133.6,55.58,0
2026-10-01 18:38,376,0,376.3,375.7,2,325,412,464,1221.8,55.38,0
2026-10-01 18:39,376,0,376.0,375.7,2,236,397,464,1246.3,55.69,0
2026-10-01 18:40,376,0,376.0,378.1,2,245,299,346,1358.7,55.69,0
2026-10-01 18:41,376,0,376.0,374.6,2,277,369,490,1151.1,55.86,0
2026-10-01 18:42,376,0,376.0,375.7,2,201,328,484,1097.8,55.85,0
2026-10-01 18:43,376,0,376.0,376.0,2,266,415,480,1314.4,55.92,0
2026-10-01 18:44,376,0,376.0,375.3,2,331,387,499,1193.7,55.92,0
2026-10-01 18:45,625,0,620.9,609.8,2,384,613,905,1772.4,55.92,0
2026-10-01 18:46,750,0,750.0,756.9,2,392,672,983,2470.2,55.92,0
2026-10-01 18:47,750,0,750.0,744.7,2,589,752,1096,2565.0,55.95,0
2026-10-01 18:48,750,0,750.0,748.9,2,672,734,798,2665.4,56.05,0
2026-10-01 18:49,750,0,750.1,749.1,2,555,1027,1182,2803.8,56.1,0
2026-10-01 18:50,750,0,750.0,745.3,2,721,901,1041,2962.2,56.1,0
2026-10-01 18:51,750,0,750.0,755.3,2,656,710,1060,2354.4,56.13,0
2026-10-01 18:52,875,0,864.5,811.6,2,560,921,1017,2533.0,56.13,0
2026-10-01 18:53,1500,0,1500.1,1250.0,2,4188,10088,16386,3248.5,56.09,0
2026-10-01 18:54,1500,0,1500.0,1163.5,2,19289,27392,34530,2966.8,56.11,0
2026-10-01 18:55,1250,2,1174.1,437.4,2,39644,65367,90658,2620.8,56.31,1
2026-10-01 18:56,0,12,0.0,341.4,0,65495,71016,82946,2736.8,56.33,4
2026-10-01 18:57,250,10,274.2,566.3,2,52114,60774,63118,2438.8,56.48,3
2026-10-01 18:58,1500,0,1168.3,1650.7,2,22221,35916,44906,4199.8,56.45,0
2026-10-01 18:59,1500,0,1347.6,1615.5,2,563,1992,15733,3660.9,56.4,0
2026-10-01 19:00,1500,0,1498.3,1504.4,2,330,432,1000,3211.0,56.31,0
2026-10-01 19:01,1500,0,1357.3,1350.5,2,172,498,679,3480.0,56.39,0
2026-10-01 19:02,1500,0,1296.1,1295.8,2,436,831,1414,3240.7,56.2,0
2026-10-01 19:03,1500,0,1466.7,1464.2,2,134,972,1466,3262.7,56.32,0
2026-10-01 19:04,1625,0,1317.4,1324.5,3,344,637,910,3360.3,56.1,0
2026-10-01 19:05,1625,0,1341.4,1315.5,3,209,273,608,3030.7,56.27,0
2026-10-01 19:06,1625,0,1550.5,1574.1,3,346,875,1164,3402.8,56.21,0
2026-10-01 19:07,1625,0,1519.7,1519.9,3,197,443,941,3621.3,56.13,0
2026-10-01 19:08,1625,0,1354.0,1349.5,3,164,430,1545,3080.5,56.04,0
2026-10-01 19:09,1625,0,1413.6,1418.7,3,133,676,916,3215.1,55.82,0
2026-10-01 19:10,1625,0,1391.8,1386.7,3,139,527,1028,3003.2,55.81,0
2026-10-01 19:11,1688,0,1221.1,1210.2,3,740,1176,1323,2871.1,55.7,0
2026-10-01 19:12,1750,0,1462.1,1453.1,3,362,1035,1479,3272.3,55.62,0
2026-10-01 19:13,1750,0,1635.2,1626.2,3,510,2004,2647,3533.6,55.59,0
2026-10-01 19:14,1750,0,1756.7,1736.1,3,1638,2284,3273,3283.0,55.65,0
2026-10-01 19:15,1750,0,1591.4,1606.2,3,1257,1845,3814,3126.1,55.58,0
2026-10-01 19:16,1750,0,1323.5,1327.4,3,1487,2079,2204,2667.4,55.52,0
2026-10-01 19:17,1750,0,1723.7,1694.8,3,3022,3590,5200,3006.9,55.44,0
2026-10-01 19:18,1750,0,1676.5,1713.7,3,4891,5273,5686,3027.7,55.38,0
2026-10-01 19:19,2000,0,1503.9,1456.7,3,4060,6175,7953,2725.1,55.32,0
2026-10-01 19:20,2000,0,1836.1,1681.8,3,8475,10873,13350,2851.4,55.24,0
2026-10-01 19:21,2000,0,1927.7,1682.1,3,18881,25692,30516,2635.2,55.16,0
2026-10-01 19:22,2000,0,1637.7,1498.2,3,35051,38314,41227,2635.4,55.08,0
2026-10-01 19:23,2000,0,1828.5,1607.3,3,42132,46065,49353,2797.4,55.04,0
2026-10-01 19:24,2000,0,1567.7,1344.8,4,55943,61745,65960,2428.2,54.98,0
2026-10-01 19:25,2125,0,1626.0,1405.6,4,68914,73643,79050,2434.2,54.91,1
2026-10-01 19:26,1062,0,914.0,1302.5,4,45688,57753,83697,2515.1,54.69,1
2026-10-01 19:27,2125,0,1750.1,1490.0,4,55623,61497,68512,2499.9,54.71,0
2026-10-01 19:28,1333,0,975.0,1283.3,4,67409,74233,80450,2246.8,54.64,2
2026-10-01 19:29,1854,0,1535.3,1293.2,4,48555,52975,63873,2441.8,54.55,0
2026-10-01 19:30,1771,0,1510.1,1388.8,4,68122,77082,85859,2425.3,54.54,1
2026-10-01 19:31,1417,0,1173.5,1403.2,4,51633,55072,75335,2431.6,54.61,1
2026-10-01 19:32,1812,0,1679.8,1533.2,4,60448,68558,78121,2637.2,54.55,1
2026-10-01 19:33,1500,0,985.9,1244.8,4,45799,49358,68542,2365.1,54.5,1
2026-10-01 19:34,2000,0,1864.1,1653.3,3,53735,59888,63637,2817.1,54.43,0
2026-10-01 19:35,2000,0,1886.9,1614.7,3,65838,70835,79336,2782.3,54.34,0
2026-10-01 19:36,1000,0,912.0,1264.7,3,52233,65608,83208,2500.4,54.33,2
2026-10-01 19:37,2000,0,1854.3,1579.4,3,60368,65303,70526,2711.2,54.27,0
2026-10-01 19:38,1000,0,906.7,1487.3,3,37017,61727,79313,2606.2,54.22,2
2026-10-01 19:39,2000,0,1712.1,1344.0,3,41367,49832,61415,2374.4,54.15,0
2026-10-01 19:40,2000,0,1807.5,1645.5,3,64900,71722,75142,2785.3,54.08,0
2026-10-01 19:41,1000,0,982.7,1455.0,3,54041,79283,82748,2882.6,53.84,2
2026-10-01 19:42,2250,0,1461.5,1437.2,4,41650,43948,44487,2466.2,53.8,0
2026-10-01 19:43,1750,0,1562.7,1514.7,3,33930,35813,38436,3031.2,53.74,0
2026-10-01 19:44,1875,0,1669.3,1654.7,3,28241,30696,32935,2998.2,53.71,0
2026-10-01 19:45,2000,0,1639.7,1488.8,3,27169,32690,33431,3044.3,53.55,0
2026-10-01 19:46,2000,0,1581.6,1471.1,3,25028,29446,31646,3282.4,53.49,0
2026-10-01 19:47,2000,0,1776.1,1892.4,3,20594,25857,30128,3128.3,53.54,0
2026-10-01 19:48,2000,0,1942.8,2031.8,3,13054,15798,18544,3512.6,53.56,0
2026-10-01 19:49,2000,0,1670.7,1661.9,3,12565,14333,15774,3008.2,53.41,0
2026-10-01 19:50,2000,0,1504.2,1596.4,3,7037,9269,13109,3083.6,53.44,0
2026-10-01 19:51,2000,0,1819.4,1808.8,3,3205,4536,8404,3302.1,53.35,0
2026-10-01 19:52,2000,0,1651.3,1629.0,3,8533,9786,11695,2813.4,53.27,0
2026-10-01 19:53,2833,0,1714.5,1708.7,3,9307,15106,20026,2727.0,53.16,0
2026-10-01 19:54,3000,0,1992.7,2118.7,3,2549,4153,9695,3860.1,53.08,0
2026-10-01 19:55,3000,0,1944.9,1786.6,3,1002,2071,9726,3424.2,53.02,0
2026-10-01 19:56,3000,0,1829.9,1989.5,3,2010,9512,15074,3846.5,52.89,0
2026-10-01 19:57,3000,0,1367.0,1384.1,3,508,1330,3557,3365.4,52.9,0
2026-10-01 19:58,3000,0,1041.4,1050.8,3,185,600,1938,2382.9,52.76,0
2026-10-01 19:59,3000,0,1355.6,1343.2,3,349,1172,2690,2750.1,52.72,0
2026-10-01 20:00,3000,0,1487.3,1492.6,3,845,1298,1536,2629.2,52.75,0
2026-10-01 20:01,3000,0,1677.9,1676.2,3,333,864,1777,2943.3,52.69,0
2026-10-01 20:02,3000,0,1780.3,1759.6,3,524,1179,2125,3073.6,52.45,0
2026-10-01 20:03,3000,0,1763.0,1707.1,3,1268,1851,2152,3202.5,52.41,0
2026-10-01 20:04,3000,0,1735.9,1799.9,3,5466,6809,8537,3397.2,52.4,0
2026-10-01 20:05,3000,0,1478.1,1494.1,3,973,1204,1336,3196.6,52.27,0
2026-10-01 20:06,3000,0,1505.3,1479.8,3,436,1047,3203,2948.5,52.22,0
2026-10-01 20:07,3000,0,1869.8,1829.4,3,1598,1705,6662,3428.3,52.17,0
2026-10-01 20:08,3000,0,2062.6,1422.9,3,2466,13959,40791,3556.1,52.2,0
2026-10-01 20:09,3000,0,1684.5,1618.8,3,47692,50402,53019,3065.0,52.09,0
2026-10-01 20:10,3000,0,2101.9,2050.8,4,42577,48905,53614,3833.9,52.08,0
2026-10-01 20:11,3000,0,1772.6,2091.8,3,28356,37309,43848,3989.0,51.98,0
2026-10-01 20:12,3750,0,1583.1,1065.2,3,10863,28885,44484,3688.8,51.88,0
2026-10-01 20:13,1625,0,1254.1,1461.4,3,57694,68764,78219,4002.1,51.82,2
2026-10-01 20:14,3750,0,2058.8,1579.8,3,43679,58920,71870,4032.4,51.64,0
2026-10-01 20:15,3750,0,1933.0,2037.9,3,70923,71533,75482,4593.8,51.53,0
2026-10-01 20:16,1375,11,1029.6,1287.8,3,67648,73581,91376,3916.9,51.55,3
2026-10-01 20:17,1956,0,1407.2,1667.7,4,26028,29993,52440,4237.9,51.36,0
2026-10-01 20:18,2250,0,1841.5,1948.9,3,5716,14084,24159,5681.4,51.3,0
2026-10-01 20:19,3500,0,1795.7,1833.4,3,97,930,7963,4251.9,51.18,0
2026-10-01 20:20,4500,0,2321.4,2294.4,3,218,1620,6511,5169.5,51.02,0
2026-10-01 20:21,4500,0,2330.9,2322.0,3,301,1111,1985,5110.8,51.07,0
2026-10-01 20:22,4500,0,2276.8,2324.3,3,356,859,1349,4805.8,51.01,0
2026-10-01 20:23,4500,0,2449.4,2442.1,3,580,828,1136,4694.2,50.79,0
2026-10-01 20:24,4500,0,2853.5,2848.7,3,660,1210,3806,5200.6,50.85,0
2026-10-01 20:25,4500,0,2960.5,2965.2,3,210,686,952,6093.4,50.74,0
2026-10-01 20:26,4500,0,2805.9,2786.7,3,408,476,2359,5336.7,50.66,0
2026-10-01 20:27,4500,0,1854.1,1876.2,3,294,875,1649,4726.5,50.57,0
2026-10-01 20:28,4500,0,2032.0,2018.7,3,371,664,827,3643.8,50.49,0
2026-10-01 20:29,3005,0,2102.4,1408.3,3,1124,11217,53939,2892.2,50.42,0
2026-10-01 20:30,2020,0,1298.0,1403.3,3,18951,40401,62861,4011.0,50.3,0
2026-10-01 20:31,281,0,283.2,240.4,3,49274,59548,64914,3223.2,50.36,0
2026-10-01 20:32,0,0,5.5,21.1,2,53449,58141,60800,3032.0,50.19,0
2026-10-01 20:33,0,0,0.0,13.0,0,58879,68112,72857,3193.0,50.12,0
2026-10-01 20:34,0,0,0.0,18.4,0,61909,63835,66928,2993.4,50.03,0
2026-10-01 20:35,934,0,885.6,1127.4,3,42036,44342,54936,3822.7,50.01,0
2026-10-01 20:36,4176,0,1839.2,1985.3,3,10290,19090,40613,5633.4,49.92,0
2026-10-01 20:37,1548,0,1417.5,1205.2,3,33441,40337,55828,4034.8,49.9,0
2026-10-01 20:38,4315,0,2436.8,2825.1,3,13671,19549,34360,6564.5,49.68,0
2026-10-01 20:39,4500,0,1969.1,2006.6,3,1074,7431,11816,5267.1,49.73,0
2026-10-01 20:40,4500,0,2421.0,2391.2,3,85,380,970,3761.6,49.66,0
2026-10-01 20:41,4500,0,2925.4,2914.5,3,159,870,1747,5114.4,49.58,0
2026-10-01 20:42,4500,0,2723.4,2744.2,3,129,296,1872,4878.9,49.44,0
2026-10-01 20:43,4500,0,2671.6,2670.0,3,202,936,2123,4182.2,49.41,0
2026-10-01 20:44,4500,0,3027.5,3039.1,3,371,485,1350,4939.1,49.27,0
2026-10-01 20:45,4500,0,2450.6,2464.9,3,223,550,1876,5003.2,49.18,0
2026-10-01 20:46,4500,0,2623.0,2587.6,3,655,883,1799,4419.8,49.11,0
2026-10-01 20:47,4500,0,3101.4,3127.2,3,761,1905,3589,5097.1,49.06,0
2026-10-01 20:48,4500,0,2532.6,2529.6,3,216,595,1416,4284.9,48.94,0
2026-10-01 20:49,4500,0,2323.9,2323.9,3,190,510,945,3645.6,48.82,0
2026-10-01 20:50,4500,0,2287.0,2295.3,3,421,900,1412,3732.2,48.71,0
2026-10-01 20:51,4500,0,1925.4,1913.1,3,95,308,2921,3413.6,48.47,0
2026-10-01 20:52,4500,0,1479.6,1474.1,3,91,20578,27003,4021.2,48.47,0
2026-10-01 20:53,4489,0,1660.6,1611.7,3,11932,14979,26308,4626.0,48.55,0
2026-10-01 20:54,2457,0,1816.3,1800.3,3,30069,37801,39981,4761.1,48.4,0
2026-10-01 20:55,4013,0,2208.7,2244.3,3,22267,27774,37842,5293.8,48.44,0
2026-10-01 20:56,4500,0,2568.0,2605.3,3,10785,17349,22872,5782.8,48.43,0
2026-10-01 20:57,4500,0,2010.8,2008.0,3,1344,6063,10514,5333.6,48.32,0
2026-10-01 20:58,4500,0,1606.5,1620.3,3,109,2997,6575,4178.7,48.12,0
2026-10-01 20:59,2589,0,1276.1,684.5,4,6880,30454,54568,4018.3,48.15,0
2026-10-01 21:00,2026,0,1600.0,1759.4,4,36402,44063,47309,4400.4,48.11,0
2026-10-01 21:01,5690,0,2499.3,2840.1,4,10008,28133,33430,6382.9,47.98,0
2026-10-01 21:02,6000,0,1972.0,2036.4,4,5986,12113,20742,5363.4,47.89,0
2026-10-01 21:03,6000,0,2062.3,2035.1,4,5220,16844,24644,4751.5,47.68,0
2026-10-01 21:04,6000,0,2535.2,2482.7,4,5978,14640,17414,5224.1,47.6,0
2026-10-01 21:05,6000,0,2330.5,2414.9,4,8979,12408,19260,5450.9,47.6,0
2026-10-01 21:06,6000,0,1818.7,1766.3,4,6301,9048,11895,4297.4,47.45,0
2026-10-01 21:07,6000,0,2117.1,2173.6,4,3030,6028,11480,5036.6,47.21,0
2026-10-01 21:08,6000,0,2281.3,2269.0,4,120,1649,4836,4746.0,47.17,0
2026-10-01 21:09,6000,0,1998.2,2023.1,4,306,854,3522,4378.1,47.08,0
2026-10-01 21:10,6000,0,2024.2,1795.3,4,210,410,1357,3739.2,47.04,0
2026-10-01 21:11,6000,0,2062.7,2242.2,4,318,1448,14932,4438.1,46.95,0
2026-10-01 21:12,5651,0,2010.3,1719.9,4,872,5306,9851,3995.6,46.82,0
2026-10-01 21:13,1033,0,1051.8,965.5,4,27741,39249,47446,4188.8,46.85,0
2026-10-01 21:14,0,0,0.0,0.0,0,2,3309,23717,2471.2,46.81,0
2026-10-01 21:15,0,0,0.0,0.0,0,0,979,4304,1294.3,46.8,0
2026-10-01 21:16,0,0,0.0,0.0,0,0,1184,10983,1033.0,46.85,0
2026-10-01 21:17,0,0,0.0,0.0,0,0,0,0,1004.0,46.83,0
2026-10-01 21:18,0,0,0.0,0.0,0,0,4,209,293.5,46.81,0
2026-10-01 21:19,0,0,0.0,0.0,0,0,206,7219,762.9,46.81,0
2026-10-01 21:20,0,0,0.0,0.0,0,19193,32795,40247,2972.0,46.74,0
2026-10-01 21:21,0,0,0.0,0.0,0,22750,25562,33690,2802.2,46.45,0
2026-10-01 21:22,0,0,0.0,0.0,0,497,8555,19864,2772.0,46.43,0
2026-10-01 21:23,0,0,0.0,0.0,0,0,0,108,1760.3,46.34,0
2026-10-01 21:24,0,0,0.0,0.0,0,0,0,0,1590.5,46.4,0
2026-10-01 21:25,0,0,0.0,0.0,0,0,604,2218,2127.2,46.47,0
2026-10-01 21:26,0,0,0.0,0.0,0,0,2,40,982.4,46.38,0
2026-10-01 21:27,0,0,0.0,0.0,0,0,0,50,366.4,46.53,0
2026-10-01 21:28,0,0,0.0,0.0,0,0,0,57,299.2,46.52,0
2026-10-01 21:29,0,0,0.0,0.0,0,0,0,95,457.5,46.51,0
2026-10-01 21:30,0,0,0.0,0.0,0,0,0,0,209.4,46.51,0
2026-10-01 21:31,2250,0,1927.0,1904.3,3,0,134,812,2560.9,46.46,0
2026-10-01 21:32,2250,0,2015.1,2008.1,3,206,330,917,3229.1,46.43,0
2026-10-01 21:33,3375,0,2206.3,1794.0,3,513,18044,38988,3628.4,46.36,0
2026-10-01 21:34,4500,0,1831.8,2235.5,3,414,3385,22428,5533.9,46.22,0
2026-10-01 21:35,4500,0,1514.1,1533.0,3,158,247,553,3819.7,46.03,0
2026-10-01 21:36,4500,0,2000.2,1990.5,3,500,1406,2144,4119.8,46.12,0
2026-10-01 21:37,5250,0,2091.0,2078.5,4,266,440,1556,4887.6,46.03,0
2026-10-01 21:38,5250,0,1523.6,1544.6,4,130,400,1528,4084.3,45.98,0
2026-10-01 21:39,5750,0,1686.7,1635.9,4,503,870,1509,4461.8,45.78,0
2026-10-01 21:40,6000,0,1380.2,1425.0,4,448,2918,5365,3789.9,45.59,0
2026-10-01 21:41,6000,0,2358.7,2356.1,4,417,471,1121,4905.5,45.65,0
2026-10-01 21:42,6000,0,2265.8,2269.4,4,451,632,928,4911.8,45.55,0
2026-10-01 21:43,6000,0,2478.5,2213.5,4,485,1337,1984,4890.2,45.5,0
2026-10-01 21:44,6000,0,2276.7,2524.1,4,2722,9759,16182,5352.2,45.45,0
2026-10-01 21:45,6000,0,2834.3,2820.6,4,1809,2528,3047,6034.7,45.36,0
2026-10-01 21:46,6750,0,2462.3,2393.2,5,449,3988,9537,5743.5,45.3,0
2026-10-01 21:47,6750,0,2302.3,2407.9,5,1728,3445,6837,4968.1,45.07,0
2026-10-01 21:48,7250,0,2011.6,1992.5,5,470,1470,1852,4426.2,45.06,0
2026-10-01 21:49,7500,0,2821.5,2823.3,5,352,1608,4217,5140.4,45.02,0
2026-10-01 21:50,7500,0,3108.4,3110.3,5,612,993,1555,5380.5,44.88,0
2026-10-01 21:51,7500,0,2540.9,2548.2,5,851,1199,2604,4829.2,44.88,0
2026-10-01 21:52,7500,0,2517.3,2495.6,5,207,732,1363,3774.6,44.83,0
2026-10-01 21:53,7500,0,3014.8,3030.3,5,1108,2004,2361,5222.8,44.54,0
2026-10-01 21:54,8250,0,3063.6,3063.4,6,431,1480,1954,5302.9,44.62,0
2026-10-01 21:55,8250,0,2340.0,2347.8,6,364,1054,1504,4638.7,44.42,0
2026-10-01 21:56,8625,0,2517.5,2235.7,6,416,1294,1562,4239.6,44.29,0
2026-10-01 21:57,4182,0,1990.5,1951.1,6,27031,42034,51237,3896.7,44.26,0
2026-10-01 21:58,9000,0,2103.1,2418.3,6,754,3967,17306,5168.9,44.14,0
2026-10-01 21:59,9000,0,2390.0,2391.7,6,896,1182,1959,4101.9,44.15,0
2026-10-01 22:00,9000,0,2284.1,2291.8,6,114,359,705,4205.8,44,0
2026-10-01 22:01,9000,0,2168.5,2160.9,6,309,574,1252,3765.3,43.93,0
2026-10-01 22:02,9000,0,2142.2,2140.2,6,510,1575,2022,3766.5,43.89,0
2026-10-01 22:03,9000,0,2187.7,2181.3,6,294,692,1445,3822.2,43.8,0
2026-10-01 22:04,9000,0,2352.6,2360.9,6,141,293,3481,4140.8,43.75,0
2026-10-01 22:05,9000,0,2304.7,2312.6,6,315,742,1226,3989.4,43.69,0
2026-10-01 22:06,9000,0,1758.1,1757.1,6,371,625,934,3537.2,43.7,0
2026-10-01 22:07,9000,0,2095.5,2065.6,6,791,1443,1589,3104.4,43.54,0
2026-10-01 22:08,9000,0,3221.4,3221.5,6,310,1412,3927,5519.8,43.58,0
2026-10-01 22:09,9000,0,2327.4,2343.8,6,260,508,866,4013.9,43.51,0
2026-10-01 22:10,7100,0,1857.8,1895.9,6,0,681,1816,3949.7,43.36,0
2026-10-01 22:11,0,0,0.0,0.0,0,,,,,,0
2026-10-01 22:12,0,0,0.0,0.0,0,,,,,,0
2026-10-01 22:13,0,0,0.0,0.0,0,,,,,,0
2026-10-01 22:14,0,0,0.0,0.0,0,,,,,,0
2026-10-01 22:15,0,0,0.0,0.0,0,,,,,,0
2026-10-01 22:16,0,0,0.0,0.0,0,,,,,,0
2026-10-01 22:17,0,0,0.0,0.0,0,,,,,,0
2026-10-01 22:18,0,0,0.0,0.0,0,,,,,,0
2026-10-01 22:19,0,0,0.0,0.0,0,,,,,,0
2026-10-01 22:20,0,0,0.0,0.0,0,,,,,,0
2026-10-01 22:21,0,0,0.0,0.0,0,,,,,,0
2026-10-01 22:22,0,0,0.0,0.0,0,,,,,,0
2026-10-01 22:23,0,0,0.0,0.0,0,,,,,,0
2026-10-01 22:24,0,0,0.0,0.0,0,,,,,,0
2026-10-01 22:25,0,0,0.0,0.0,0,,,,,,0
2026-10-01 22:26,0,0,0.0,0.0,0,,,,,,0
2026-10-01 22:27,0,0,0.0,0.0,0,,,,,,0
2026-10-01 22:28,0,0,0.0,0.0,0,,,,,,0
2026-10-01 22:29,0,0,0.0,0.0,0,,,,,,0
2026-10-01 22:30,0,0,0.0,0.0,0,,,,,,0
2026-10-01 22:31,0,0,0.0,0.0,0,,,,,,0
2026-10-01 22:32,0,0,0.0,0.0,0,,,,,,0
2026-10-01 22:33,0,0,0.0,0.0,0,,,,,,0
2026-10-01 22:34,0,0,0.0,0.0,0,,,,,,0
2026-10-01 22:35,0,0,0.0,0.0,0,,,,,,0
2026-10-01 22:36,0,0,0.0,0.0,0,,,,,,0
2026-10-01 22:37,0,0,0.0,0.0,0,,,,,,0
2026-10-01 22:38,0,0,0.0,0.0,0,,,,,,0
2026-10-01 22:39,0,0,0.0,0.0,0,,,,,,0
2026-10-01 22:40,0,0,0.0,0.0,0,,,,,,0
2026-10-01 22:41,0,0,0.0,0.0,0,,,,,,0
2026-10-01 22:42,0,0,0.0,0.0,0,,,,,,0
2026-10-01 22:43,0,0,0.0,0.0,0,,,,,,0
2026-10-01 22:44,0,0,0.0,0.0,0,,,,,,0
2026-10-01 22:45,0,0,0.0,0.0,0,,,,,,0
2026-10-01 22:46,0,0,0.0,0.0,0,,,,,,0
2026-10-01 22:47,0,0,0.0,0.0,0,,,,,,0
2026-10-01 22:48,0,0,0.0,0.0,0,,,,,,0
2026-10-01 22:49,0,0,0.0,0.0,0,,,,,,0
2026-10-01 22:50,0,0,0.0,0.0,0,,,,,,0
2026-10-01 22:51,0,0,0.0,0.0,0,,,,,,0
2026-10-01 22:52,0,0,0.0,0.0,0,,,,,,0
2026-10-01 22:53,0,0,0.0,0.0,0,,,,,,0
2026-10-01 22:54,0,0,0.0,0.0,0,,,,,,0
2026-10-01 22:55,0,0,0.0,0.0,0,,,,,,0
2026-10-01 22:56,0,0,0.0,0.0,0,,,,,,0
2026-10-01 22:57,0,0,0.0,0.0,0,,,,,,0
2026-10-01 22:58,0,0,0.0,0.0,0,,,,,,0
2026-10-01 22:59,0,0,0.0,0.0,0,,,,,,0
2026-10-01 23:00,0,0,0.0,0.0,0,941,1393,1845,3253,30.49,0
2026-10-01 23:01,0,0,0.0,0.0,0,1,300,1359,2946.9,30.3,0
2026-10-01 23:02,0,0,0.0,0.0,0,0,3,1431,1542.8,30.25,0
2026-10-01 23:03,0,0,0.0,0.0,0,0,0,0,103.4,33.19,0
2026-10-01 23:04,0,0,0.0,0.0,0,0,7006,14378,154.1,33.12,0
2026-10-01 23:05,0,0,0.0,0.0,0,18481,26795,38968,157.7,33.23,0
2026-10-01 23:06,0,0,0.0,0.0,0,58899,86422,99793,476.8,33.29,3
2026-10-01 23:07,0,0,0.0,0.0,0,93268,97844,99803,891.9,33.61,4
2026-10-01 23:08,0,0,0.0,0.0,0,60699,68416,81871,1431.4,33.77,4
2026-10-01 23:09,0,0,15.3,14.9,1,51026,53585,57692,2230.0,33.73,1
2026-10-01 23:10,1521,0,913.2,894.9,3,34630,40930,47174,2162.8,33.59,0
2026-10-01 23:11,1471,0,1470.1,1467.2,6,33684,40457,43593,4077.1,33.6,0
2026-10-01 23:12,2118,0,2018.6,1878.0,6,42390,45087,46136,4267.2,33.56,0
2026-10-01 23:13,1664,0,1679.3,1818.7,6,68597,70454,71279,5155.7,33.46,0
2026-10-01 23:14,2259,0,2116.6,1931.3,6,64591,70658,76110,4173.5,33.39,0
2026-10-01 23:15,3064,0,2991.8,2852.2,6,58734,66903,74754,6235.1,33.17,0
2026-10-01 23:16,4773,0,3659.8,3738.1,6,54517,61060,68174,6315.8,33.07,0
2026-10-01 23:17,3654,0,3613.2,3596.8,6,63105,66641,69266,6223.5,32.85,0
2026-10-01 23:18,4330,0,3625.8,3784.4,6,58968,64773,66352,6644.4,32.7,0
2026-10-01 23:19,5581,0,3342.2,3302.6,7,56118,60720,64355,6043.2,32.62,0
2026-10-01 23:20,6184,0,3485.6,3517.6,7,56894,58717,63558,5711.6,32.4,0
2026-10-01 23:21,4871,0,3829.2,3694.4,7,57180,61637,65606,6519.6,32.34,0
2026-10-01 23:22,4592,0,3598.2,3650.5,7,57722,65392,67401,6701.7,32.27,0
2026-10-01 23:23,3706,0,3681.7,3555.8,7,60722,65347,68106,6387.1,32.12,0
2026-10-01 23:24,4345,0,3946.5,3967.3,7,64271,65332,72497,6584.1,32.02,0
2026-10-01 23:25,4096,0,4203.8,4226.8,7,61787,66103,67662,7348.9,31.94,0
2026-10-01 23:26,3612,0,3593.7,3573.3,8,62603,63600,70791,6404.9,31.89,0
2026-10-01 23:27,1882,0,1972.3,1864.5,8,69409,72914,74791,4646.4,31.76,0
2026-10-01 23:28,799,0,872.0,881.3,8,71681,76044,77480,3720.8,31.62,0
2026-10-01 23:29,808,0,908.1,859.0,8,67001,73907,75560,3891.8,31.6,0
2026-10-01 23:30,288,0,364.2,442.4,8,74657,75772,76432,3319.9,31.61,0
2026-10-01 23:31,1574,0,1448.3,1348.9,8,67702,72340,76732,4199.1,31.44,0
2026-10-01 23:32,838,0,843.2,584.2,8,73459,73608,73834,1643.6,31.52,1
2026-10-01 23:33,0,39,0.0,134.6,1,87765,97005,99346,1461.5,31.35,4
2026-10-01 23:34,0,42,0.0,114.8,0,95474,97639,99121,1754.6,31.29,4
2026-10-01 23:35,0,42,0.0,62.0,0,97425,98733,99992,1548.0,31.22,3
2026-10-01 23:36,0,42,0.0,31.3,0,98747,99190,99776,1657.8,31.2,4
2026-10-01 23:37,0,42,0.0,31.2,0,88931,95893,99717,1583.7,31.13,4
2026-10-01 23:38,0,42,0.0,23.7,0,82013,95982,98933,1641.2,31.13,4
2026-10-01 23:39,0,42,0.0,40.3,0,80068,87119,93857,1361.0,31.09,4
2026-10-01 23:40,0,41,75.8,88.4,5,62795,70231,76960,1442.4,31.27,4
2026-10-01 23:41,1432,0,1348.9,741.7,7,52092,70273,72824,1714.6,31.23,0
2026-10-01 23:42,591,0,597.9,392.0,7,72387,74167,76152,1427.1,31.2,0
2026-10-01 23:43,0,25,6.4,2.4,5,77710,86590,91576,1488.4,31.14,3
2026-10-01 23:44,0,42,0.0,1.2,0,97491,98870,99709,1427.7,30.99,4
2026-10-01 23:45,0,42,0.0,146.5,0,66340,79045,98559,1573.2,31.13,4
2026-10-01 23:46,0,37,4.3,104.8,2,56519,72523,84773,1387.3,31.11,4
2026-10-01 23:47,843,0,839.9,428.5,7,52911,70035,73434,1268.5,31.06,0
2026-10-01 23:48,249,0,296.7,297.1,7,70928,71893,72103,765.6,31.05,0
2026-10-01 23:49,260,0,258.7,280.7,7,68302,72039,72992,560.6,31.02,0
2026-10-01 23:50,336,0,297.5,295.8,7,70904,71641,72307,735.6,30.82,0
2026-10-01 23:51,326,0,335.4,320.1,7,71878,71951,72224,692.8,30.77,0
2026-10-01 23:52,254,0,296.9,296.9,7,71981,72013,72027,650.4,30.8,0
2026-10-01 23:53,2,29,9.4,7.7,7,74865,91784,98155,1467.7,30.75,4
2026-10-01 23:54,0,42,0.0,4.2,0,98487,99317,99662,1449.2,30.74,4
2026-10-01 23:55,0,42,0.0,2.5,0,88752,96321,99785,1584.3,30.68,4
2026-10-01 23:56,0,42,0.0,12.9,0,81594,92014,98105,1605.6,30.84,4
2026-10-01 23:57,175,35,151.3,311.7,7,58682,63926,83857,1354.4,30.8,3
2026-10-01 23:58,526,0,568.4,388.5,7,70755,71938,71967,1250.2,30.81,0
2026-10-01 23:59,284,0,287.9,291.5,7,71583,71975,72116,865.6,30.8,0
2026-10-02 00:00,283,0,278.4,286.2,7,71236,71946,71997,854.2,30.79,0
2026-10-02 00:01,292,0,320.0,311.5,7,71648,71981,72727,880.4,30.76,0
2026-10-02 00:02,257,0,295.9,296.2,7,71930,72106,72587,734.7,30.74,0
2026-10-02 00:03,272,0,296.3,294.8,7,71746,71909,72043,753.6,30.59,0
2026-10-02 00:04,255,0,292.0,292.2,7,71684,71982,71997,617.7,30.72,0
2026-10-02 00:05,268,0,292.3,295.1,7,71766,71923,72000,661.9,30.54,0
2026-10-02 00:06,8,3,14.7,192.0,7,71959,82280,84773,1675.1,30.49,3
2026-10-02 00:07,0,41,0.0,173.3,0,89764,97682,98713,1833.0,30.45,4
2026-10-02 00:08,0,44,0.0,131.8,0,97235,98714,99700,1880.7,30.41,4
2026-10-02 00:09,0,48,0.0,103.4,0,98062,99009,99336,1959.5,30.42,4
2026-10-02 00:10,0,48,0.0,84.2,0,96967,98363,99524,1923.6,30.38,4
2026-10-02 00:11,0,48,0.0,45.9,0,94448,97410,98404,2073.5,30.32,4
2026-10-02 00:12,0,48,0.0,128.8,0,88385,92806,93994,1967.0,30.47,4
2026-10-02 00:13,0,48,0.0,83.3,0,64673,73489,79429,1938.8,30.45,4
2026-10-02 00:14,786,12,871.4,424.7,8,53602,63291,73558,2175.7,30.38,1
2026-10-02 00:15,977,0,915.6,624.9,8,69947,70193,70913,2270.7,30.37,0
2026-10-02 00:16,604,0,605.7,396.0,7,69815,71046,71938,1683.7,30.34,0
2026-10-02 00:17,341,0,316.4,304.8,7,71545,71979,72273,960.1,30.32,0
2026-10-02 00:18,308,0,331.7,312.8,7,71949,71986,72286,899.2,30.3,0
2026-10-02 00:19,238,0,309.6,301.9,7,71968,72001,72693,913.2,30.28,0
2026-10-02 00:20,107,0,146.2,248.3,7,71661,73523,75814,1550.8,30.1,0
2026-10-02 00:21,32,0,42.6,205.4,7,71603,74580,79141,2168.8,30.02,0
2026-10-02 00:22,98,0,120.1,164.3,7,69582,72726,79653,2397.0,29.96,1
2026-10-02 00:23,0,0,0.0,76.9,0,80665,85338,86589,2338.0,29.89,4
2026-10-02 00:24,250,0,191.8,200.0,7,59474,67944,81226,2427.7,29.89,3
2026-10-02 00:25,940,0,984.0,584.0,7,60232,69799,72959,2164.8,29.87,0
2026-10-02 00:26,255,0,290.6,293.3,7,71789,72234,74578,1581.2,29.84,0
2026-10-02 00:27,247,0,274.1,286.6,7,71131,72124,73822,1464.0,29.96,0
2026-10-02 00:28,234,0,234.7,261.1,7,72041,72574,73415,2458.3,29.9,0
2026-10-02 00:29,350,0,319.2,303.6,7,70755,71924,72873,2052.9,29.84,0
2026-10-02 00:30,257,0,329.8,313.9,7,71931,72157,72773,1689.9,29.82,0
2026-10-02 00:31,300,0,298.2,296.3,7,71775,72238,72420,1761.7,29.74,0
2026-10-02 00:32,293,0,303.0,298.1,7,71478,72052,72267,1528.6,29.81,0
2026-10-02 00:33,232,0,277.7,283.5,7,71956,72118,72169,1223.0,29.79,0
2026-10-02 00:34,254,0,298.1,292.7,7,71667,71881,72109,1586.1,29.74,0
2026-10-02 00:35,244,0,288.5,288.9,7,71908,71997,72036,979.9,29.73,0
2026-10-02 00:36,275,0,289.4,289.0,7,70393,71916,72011,1037.9,29.71,0
2026-10-02 00:37,257,0,285.9,289.1,7,71937,71969,72073,1017.2,29.49,0
2026-10-02 00:38,280,0,296.4,293.8,7,71029,71944,72032,1028.2,29.45,0
2026-10-02 00:39,249,0,285.8,286.5,7,71057,71949,72005,1192.4,29.46,0
2026-10-02 00:40,261,0,285.3,284.3,7,71927,71975,71985,889.4,29.46,0
2026-10-02 00:41,258,0,287.6,287.0,7,71924,72007,72049,724.1,29.43,0
2026-10-02 00:42,276,0,289.9,290.0,7,70263,71973,71995,640.5,29.44,0
2026-10-02 00:43,263,0,288.0,289.2,7,71177,71914,71996,730.8,29.4,0
2026-10-02 00:44,271,0,290.8,290.3,7,71131,71900,71994,691.9,29.58,0
2026-10-02 00:45,254,0,287.7,288.9,7,71878,71952,72043,664.2,29.56,0
2026-10-02 00:46,283,0,291.6,289.5,7,70100,71924,72044,666.0,29.55,0
2026-10-02 00:47,282,0,286.8,286.4,7,71129,71930,71994,715.7,29.54,0
2026-10-02 00:48,276,0,284.1,285.8,7,71900,71973,71999,774.9,29.53,0
2026-10-02 00:49,285,0,291.3,290.7,7,71128,71914,72047,791.0,29.5,0
2026-10-02 00:50,369,0,297.5,296.5,8,71898,71980,72998,757.1,29.48,0
2026-10-02 00:51,329,0,313.9,315.6,8,71854,71943,71994,801.2,29.45,0
2026-10-02 00:52,350,0,320.6,320.3,8,71182,71557,71920,736.2,29.42,0
2026-10-02 00:53,365,0,328.7,328.5,8,71875,71994,72050,719.6,29.21,0
2026-10-02 00:54,364,0,321.8,321.2,8,71863,71942,71993,790.5,29.17,0
2026-10-02 00:55,376,0,323.7,324.4,8,71899,71964,72054,830.1,29.16,0
2026-10-02 00:56,356,0,333.2,332.1,8,71853,71936,71996,839.6,29.18,0
2026-10-02 00:57,283,0,317.3,319.0,8,71859,71937,72051,814.5,29.13,0
2026-10-02 00:58,292,0,300.7,295.0,7,71898,71952,72044,818.3,29.12,0
2026-10-02 00:59,301,0,299.5,295.3,7,71837,71944,72047,764.6,29.15,0
2026-10-02 01:00,210,0,293.2,291.5,7,71860,71941,72046,775.1,29.28,0
2026-10-02 01:01,221,0,284.8,285.2,7,70271,71916,72054,570.2,29.25,0
2026-10-02 01:02,209,0,286.3,281.4,7,71127,71858,72038,684.3,29.26,0
2026-10-02 01:03,226,0,282.2,282.0,7,71916,71963,71999,658.8,29.24,0
2026-10-02 01:04,208,0,279.5,280.2,7,71963,71988,71994,664.2,29.22,0
2026-10-02 01:05,231,0,278.1,280.1,7,71914,71983,72046,699.7,29.2,0
2026-10-02 01:06,223,0,285.2,284.0,7,71129,71915,71999,611.3,29.19,0
2026-10-02 01:07,229,0,285.8,284.6,7,71733,71913,72042,666.3,29.19,0
2026-10-02 01:08,254,0,283.4,284.0,7,71127,71939,72045,763.4,29.06,0
2026-10-02 01:09,242,0,286.1,285.3,7,70999,71905,71994,622.8,29.01,0
2026-10-02 01:10,278,0,281.2,280.5,7,71894,71965,71997,641.2,28.93,0
2026-10-02 01:11,265,0,286.3,288.1,7,71916,71979,72049,568.0,28.91,0
2026-10-02 01:12,253,0,289.3,289.3,7,71177,71886,72044,695.9,28.93,0
2026-10-02 01:13,200,0,286.2,287.1,7,71886,71973,72048,690.6,28.89,0
2026-10-02 01:14,204,0,289.5,287.2,7,71876,71950,71999,776.8,28.91,0
2026-10-02 01:15,220,0,288.9,291.5,7,71901,71956,71997,628.8,28.94,0
2026-10-02 01:16,216,0,292.3,290.4,7,71857,71946,72046,691.4,29.07,0
2026-10-02 01:17,218,0,296.3,297.7,7,71913,71960,72047,650.8,29.06,0
2026-10-02 01:18,203,0,282.1,280.7,7,71874,71974,71998,709.3,29.04,0
2026-10-02 01:19,207,0,289.9,288.0,7,70476,71962,72011,675.8,28.9,0
2026-10-02 01:20,216,0,289.2,289.7,7,70928,71536,71965,658.0,29.01,0
2026-10-02 01:21,203,0,284.4,285.8,7,71131,71949,71995,684.0,29,0
2026-10-02 01:22,202,0,294.1,294.4,7,71115,71868,72000,622.7,29.01,0
2026-10-02 01:23,236,0,305.5,307.2,7,71110,71859,71993,737.5,28.99,0
2026-10-02 01:24,217,0,302.4,301.0,7,71112,71731,71994,720.9,28.98,0
2026-10-02 01:25,258,0,302.2,304.0,7,70305,71745,71999,648.7,28.81,0
2026-10-02 01:26,216,0,288.5,288.5,7,71120,71691,72029,547.1,28.81,0
2026-10-02 01:27,217,0,298.3,298.6,7,70415,71696,71997,740.6,28.75,0
2026-10-02 01:28,240,0,300.5,302.0,7,71114,71722,71974,645.5,28.73,0
2026-10-02 01:29,225,0,296.8,293.5,7,70979,71662,72032,681.4,28.7,0
2026-10-02 01:30,215,0,295.5,296.8,7,71703,71881,72040,603.1,28.75,0
2026-10-02 01:31,235,0,300.8,302.7,7,71107,71764,72030,696.5,28.7,0
2026-10-02 01:32,194,0,295.0,292.9,8,71617,71872,71979,672.0,28.94,0
2026-10-02 01:33,285,0,314.7,315.7,8,71118,71380,71659,721.9,28.89,0
2026-10-02 01:34,290,0,321.5,322.4,8,71169,71634,72011,684.5,28.9,0
2026-10-02 01:35,323,0,339.4,339.6,8,71163,71629,72025,835.5,28.88,0
2026-10-02 01:36,324,0,345.1,342.2,8,71021,71339,71672,807.8,28.87,0
2026-10-02 01:37,313,0,338.5,339.9,8,70511,71581,72008,886.3,28.85,0
2026-10-02 01:38,276,0,329.1,329.5,8,71166,71738,71969,754.3,28.84,0
2026-10-02 01:39,273,0,348.8,351.5,8,70960,71673,72015,904.1,28.77,0
2026-10-02 01:40,246,0,308.2,303.2,7,71616,71802,71977,803.0,28.8,0
2026-10-02 01:41,250,0,299.5,298.6,7,71649,71824,72007,684.6,28.6,0
2026-10-02 01:42,235,0,300.5,297.7,7,71671,71832,72020,737.4,28.56,0
2026-10-02 01:43,260,0,306.5,304.8,7,71137,71594,71967,762.6,28.56,0
2026-10-02 01:44,242,0,291.9,289.3,7,69371,71588,71958,757.1,28.56,0
2026-10-02 01:45,219,0,298.8,302.2,7,71502,71825,71958,644.9,28.54,0
2026-10-02 01:46,296,0,302.6,300.0,7,70296,71351,71557,747.9,28.54,0
2026-10-02 01:47,288,0,288.7,289.4,7,70248,71362,71685,723.4,28.53,0
2026-10-02 01:48,274,0,295.0,293.1,7,70454,71557,71958,759.9,28.72,0
2026-10-02 01:49,278,0,289.7,290.6,7,71088,71586,72012,682.5,28.69,0
2026-10-02 01:50,241,0,288.6,291.5,7,71528,71798,71953,694.1,28.68,0
2026-10-02 01:51,297,0,298.3,295.1,7,71088,71549,71999,813.5,28.67,0
2026-10-02 01:52,307,0,297.5,298.7,7,71557,71795,71988,1073.2,28.65,0
2026-10-02 01:53,304,0,294.5,295.6,7,70977,71557,72022,727.0,28.62,0
2026-10-02 01:54,296,0,296.9,296.9,7,71497,71770,71954,774.2,28.6,0
2026-10-02 01:55,268,0,293.8,294.0,7,71509,71772,71951,766.4,28.59,0
2026-10-02 01:56,290,0,297.1,296.7,7,71543,71740,71945,811.2,28.58,0
2026-10-02 01:57,287,0,284.6,284.7,7,71130,71587,72017,690.4,28.57,0
2026-10-02 01:58,314,0,298.9,298.2,7,70208,71503,71528,692.9,28.4,0
2026-10-02 01:59,296,0,294.4,295.3,7,71144,71527,71946,655.0,28.26,0
2026-10-02 02:00,313,0,303.1,302.7,7,70450,71634,71992,719.8,28.39,0
2026-10-02 02:01,292,0,290.4,289.6,7,71063,71386,71655,685.0,28.37,0
2026-10-02 02:02,286,0,297.0,296.9,7,71536,71738,72041,713.2,28.37,0
2026-10-02 02:03,282,0,291.3,291.4,7,71485,71742,71942,1042.9,28.36,0
2026-10-02 02:04,293,0,296.2,295.9,7,71132,71530,71972,727.1,28.5,0
2026-10-02 02:05,295,0,289.8,289.6,7,71067,71359,71639,725.8,28.52,0
2026-10-02 02:06,293,0,291.5,291.2,7,71061,71519,71930,695.8,28.49,0
2026-10-02 02:07,304,0,292.4,293.3,7,69016,71516,71719,726.8,28.49,0
2026-10-02 02:08,316,0,298.9,299.7,7,71426,71751,71984,711.3,28.47,0
2026-10-02 02:09,301,0,293.9,294.0,7,69328,71326,71569,703.4,28.47,0
2026-10-02 02:10,289,0,290.7,290.2,7,71108,71493,71960,763.2,28.45,0
2026-10-02 02:11,273,0,303.3,302.0,7,71123,71526,71985,749.4,28.43,0
2026-10-02 02:12,267,0,290.3,291.6,7,71076,71528,71986,637.2,28.44,0
2026-10-02 02:13,267,0,287.2,288.8,7,71465,71769,71957,716.6,28.41,0
2026-10-02 02:14,309,0,312.2,308.3,8,69377,71421,71926,776.8,28.16,0
2026-10-02 02:15,267,0,299.9,302.9,8,71468,72155,72691,669.8,28.19,0
2026-10-02 02:16,329,0,332.3,330.6,8,70347,71433,71984,874.9,28.15,0
2026-10-02 02:17,331,0,337.6,336.4,8,70195,71566,71993,797.3,28.14,0
2026-10-02 02:18,336,0,329.7,331.4,8,70225,71580,71993,679.1,28.13,0
2026-10-02 02:19,362,0,337.3,337.4,8,70257,71517,71994,772.4,28.11,0
2026-10-02 02:20,321,0,340.3,340.0,8,70253,71330,71559,955.2,28.09,0
2026-10-02 02:21,271,0,339.8,341.3,8,71441,71593,71899,778.0,28.3,0
2026-10-02 02:22,261,0,305.6,303.2,8,71443,71703,71988,793.5,28.29,0
2026-10-02 02:23,272,0,292.0,291.1,7,71116,71285,71652,699.6,28.25,0
2026-10-02 02:24,254,0,307.0,306.1,7,71458,71726,71970,773.0,28.25,0
2026-10-02 02:25,257,0,298.5,296.9,7,71445,71751,71987,669.4,28.17,0
2026-10-02 02:26,278,0,303.2,302.3,7,71050,71480,71959,726.7,28.22,0
2026-10-02 02:27,280,0,296.9,295.2,7,69223,71572,71979,763.6,28.2,0
2026-10-02 02:28,292,0,293.5,292.8,7,69217,71248,71644,623.0,28.02,0
2026-10-02 02:29,282,0,287.9,289.7,7,69401,71560,71987,725.1,28.16,0
2026-10-02 02:30,298,0,294.6,292.4,7,70192,70872,71569,667.3,28.01,0
2026-10-02 02:31,282,0,284.3,285.9,7,71463,71649,71977,681.9,27.93,0
2026-10-02 02:32,305,0,297.1,296.7,7,71506,71783,71986,720.1,27.91,0
2026-10-02 02:33,296,0,286.7,287.0,7,71482,71761,71979,697.2,27.88,0
2026-10-02 02:34,300,0,292.2,292.0,7,70203,71178,71602,748.6,27.86,0
2026-10-02 02:35,296,0,291.1,291.4,7,69480,71540,71943,710.8,27.88,0
2026-10-02 02:36,290,0,289.2,288.4,7,70256,71496,71931,727.6,27.66,0
2026-10-02 02:37,287,0,292.3,293.0,7,70218,71281,71630,703.1,27.83,0
2026-10-02 02:38,296,0,302.4,302.4,7,70112,71221,71447,654.9,27.98,0
2026-10-02 02:39,294,0,289.2,289.7,7,71114,71522,71960,734.8,27.94,0
2026-10-02 02:40,306,0,295.8,295.0,7,69596,71504,71905,664.1,27.98,0
2026-10-02 02:41,301,0,294.8,295.2,7,69262,70922,71657,710.9,27.96,0
2026-10-02 02:42,303,0,302.9,303.1,7,69269,70960,71535,764.2,27.94,0
2026-10-02 02:43,300,0,299.4,298.7,7,71116,71454,71963,718.2,27.92,0
2026-10-02 02:44,294,0,288.8,290.3,7,71423,71776,71977,704.0,27.93,0
2026-10-02 02:45,307,0,303.4,302.2,7,69956,71228,71478,807.2,27.92,0
2026-10-02 02:46,293,0,294.3,295.0,7,69789,70862,71525,717.8,27.91,0
2026-10-02 02:47,295,0,290.1,291.3,7,71051,71541,71966,675.9,27.87,0
2026-10-02 02:48,291,0,295.2,292.9,7,70517,71443,71986,798.0,27.65,0
2026-10-02 02:49,295,0,290.5,290.9,7,70247,70956,71538,701.5,27.63,0
2026-10-02 02:50,276,0,291.3,292.0,7,71042,71294,71645,688.7,27.6,0
2026-10-02 02:51,273,0,294.7,294.5,7,71099,71412,71895,737.6,27.66,0
2026-10-02 02:52,268,0,289.4,288.6,7,70914,71273,71507,695.0,27.58,0
2026-10-02 02:53,260,0,292.6,292.6,7,70477,71516,71926,678.9,27.57,0
2026-10-02 02:54,267,0,296.7,298.3,7,71097,71586,71941,703.3,27.59,0
2026-10-02 02:55,273,0,292.0,290.9,7,71032,71259,71474,652.7,27.71,0
2026-10-02 02:56,288,0,293.0,293.8,7,69411,71445,71981,676.6,27.73,0
2026-10-02 02:57,277,0,316.7,316.6,8,71042,71470,72314,739.6,27.72,0
2026-10-02 02:58,294,0,317.1,316.2,8,71490,71710,71973,737.8,27.67,0
2026-10-02 02:59,368,0,337.0,337.6,8,71434,71530,71891,935.9,27.68,0
2026-10-02 03:00,366,0,349.0,347.7,8,69707,70716,71495,929.8,27.66,0
2026-10-02 03:01,348,0,332.2,332.9,8,69396,71300,71522,866.0,27.5,0
2026-10-02 03:02,328,0,342.6,342.9,8,71046,71529,71943,788.8,27.65,0
2026-10-02 03:03,297,0,325.6,327.7,8,70367,71494,71951,783.4,27.65,0
2026-10-02 03:04,356,0,318.0,314.6,8,69135,71240,71540,838.5,27.45,0
2026-10-02 03:05,294,0,294.6,295.3,7,71481,71773,71989,617.5,27.42,0
2026-10-02 03:06,329,0,306.2,305.4,7,71109,71459,71973,820.8,27.39,0
2026-10-02 03:07,314,0,293.7,293.9,7,70972,71292,71605,786.9,27.41,0
2026-10-02 03:08,344,0,304.6,302.3,7,70850,71380,71956,790.6,27.41,0
2026-10-02 03:09,328,0,296.8,297.1,7,70969,71570,71941,843.0,27.39,0
2026-10-02 03:10,302,0,297.2,298.6,7,71403,71764,71961,783.5,27.41,0
2026-10-02 03:11,296,0,299.2,299.1,7,71085,71528,71951,798.2,27.36,0
2026-10-02 03:12,332,0,301.8,301.5,7,71111,71478,71823,725.3,27.51,0
2026-10-02 03:13,329,0,297.1,298.1,7,70263,71524,71978,733.2,27.51,0
2026-10-02 03:14,324,0,305.5,304.2,7,69289,71260,71504,744.0,27.48,0
2026-10-02 03:15,311,0,298.9,300.0,7,69945,71492,71919,722.3,27.46,0
2026-10-02 03:16,299,0,290.0,288.5,7,70501,71569,71985,642.7,27.46,0
2026-10-02 03:17,314,0,291.6,291.0,7,69902,70990,71565,716.4,27.42,0
2026-10-02 03:18,296,0,291.0,291.1,7,71451,71535,71919,682.0,27.42,0
2026-10-02 03:19,306,0,296.1,297.2,7,71097,71494,71918,633.4,27.39,0
2026-10-02 03:20,297,0,290.6,291.0,7,71416,71720,71970,738.8,27.39,0
2026-10-02 03:21,321,0,296.2,296.2,7,71176,71408,71878,770.2,27.22,0
2026-10-02 03:22,318,0,293.5,291.8,7,70164,71242,71443,902.0,27.15,0
2026-10-02 03:23,277,0,281.7,282.5,7,71106,71303,71590,860.8,27.16,0
2026-10-02 03:24,276,0,291.2,290.6,7,69748,71462,71572,733.9,27.13,0
2026-10-02 03:25,287,0,291.7,292.0,7,69658,71493,71936,878.1,27.08,0
2026-10-02 03:26,301,0,301.2,300.6,7,69364,71509,71915,882.9,27.07,0
2026-10-02 03:27,273,0,279.6,281.4,7,69347,71311,71616,703.5,27.05,0
2026-10-02 03:28,289,0,296.5,295.7,7,71084,71438,71904,818.2,27.17,0
2026-10-02 03:29,290,0,299.7,299.7,7,69380,70870,71601,778.1,27.15,0
2026-10-02 03:30,294,0,295.3,295.9,7,69951,71239,71521,810.6,27.14,0
2026-10-02 03:31,275,0,279.9,279.2,7,71063,71296,71643,606.3,27.1,0
2026-10-02 03:32,327,0,297.9,297.5,7,69264,70424,71599,792.4,27.08,0
2026-10-02 03:33,270,0,289.3,289.9,7,71069,71557,71971,686.5,27.05,0
2026-10-02 03:34,290,0,294.8,294.4,7,71059,71561,71965,628.1,27.05,0
2026-10-02 03:35,281,0,291.5,291.9,7,71141,71505,71979,696.6,27.04,0
2026-10-02 03:36,348,0,304.5,304.3,7,69315,70680,71494,687.3,27,0
2026-10-02 03:37,345,0,304.9,305.0,7,69324,70623,71629,688.9,26.86,0
2026-10-02 03:38,316,0,297.4,296.5,7,70571,71266,71538,730.2,26.82,0
2026-10-02 03:39,257,0,285.8,287.4,8,70247,71573,71937,668.9,26.77,0
2026-10-02 03:40,319,0,329.5,329.9,8,71359,71670,71894,737.7,26.78,0
2026-10-02 03:41,365,0,342.6,339.8,8,70243,71407,71947,788.8,26.75,0
2026-10-02 03:42,376,0,346.1,347.5,8,69981,71479,71971,842.6,26.75,0
2026-10-02 03:43,395,0,341.3,340.0,8,69766,70836,71498,781.4,26.79,0
2026-10-02 03:44,356,0,340.5,341.7,8,69829,71471,71960,872.6,26.71,0
2026-10-02 03:45,313,0,333.7,335.4,8,71297,71682,71976,742.3,26.89,0
2026-10-02 03:46,323,0,319.8,316.7,8,71058,71257,71473,836.4,26.88,0
2026-10-02 03:47,319,0,307.0,307.1,7,70234,71245,71462,788.5,26.84,0
2026-10-02 03:48,307,0,295.7,293.2,7,69419,70633,71624,724.2,26.82,0
2026-10-02 03:49,302,0,301.8,303.1,7,69882,71015,71583,776.0,26.81,0
2026-10-02 03:50,304,0,294.6,292.7,7,71063,71236,71460,716.9,26.8,0
2026-10-02 03:51,311,0,295.8,297.1,7,71099,71466,71904,810.2,26.78,0
2026-10-02 03:52,307,0,298.0,297.1,7,69788,71232,71567,721.7,26.78,0
2026-10-02 03:53,299,0,294.6,296.6,7,70250,71554,71930,703.8,26.56,0
2026-10-02 03:54,287,0,288.8,285.9,7,71039,71260,71499,692.0,26.55,0
2026-10-02 03:55,293,0,287.4,290.5,7,70555,71302,71592,788.2,26.53,0
2026-10-02 03:56,306,0,300.7,299.7,7,70165,71477,71979,655.2,26.53,0
2026-10-02 03:57,307,0,300.3,298.6,7,71041,71351,71964,686.4,26.54,0
2026-10-02 03:58,307,0,305.4,306.2,7,70551,71235,71533,832.0,26.51,0
2026-10-02 03:59,295,0,297.9,297.8,7,69426,70631,71489,817.5,26.54,0
2026-10-02 04:00,268,0,292.1,293.9,7,70915,71575,71942,763.2,26.47,0
2026-10-02 04:01,279,0,294.1,291.4,7,69463,71529,71968,763.5,26.65,0
2026-10-02 04:02,294,0,300.6,300.4,7,70054,70791,71559,712.9,26.62,0
2026-10-02 04:03,268,0,284.0,286.3,7,69486,71530,71987,623.6,26.63,0
2026-10-02 04:04,278,0,289.4,287.4,7,70554,71177,71510,746.0,26.61,0
2026-10-02 04:05,302,0,303.8,305.3,7,69572,70819,71495,721.8,26.62,0
2026-10-02 04:06,277,0,293.9,293.1,7,70160,71270,71563,671.0,26.6,0
2026-10-02 04:07,284,0,288.0,288.9,7,69425,70770,71595,686.8,26.58,0
2026-10-02 04:08,292,0,302.9,302.6,7,70170,71393,71546,713.5,26.59,0
2026-10-02 04:09,298,0,306.1,303.8,7,69470,71434,71865,914.4,26.55,0
2026-10-02 04:10,276,0,286.8,289.1,7,69853,71471,71929,669.2,26.36,0
2026-10-02 04:11,300,0,303.2,303.1,7,69466,71426,71943,746.6,26.34,0
2026-10-02 04:12,299,0,294.6,292.5,7,69758,70903,71491,754.0,26.31,0
2026-10-02 04:13,273,0,287.4,290.7,7,70533,71484,71893,729.2,26.29,0
2026-10-02 04:14,293,0,299.2,297.8,7,70248,71414,71877,781.2,26.27,0
2026-10-02 04:15,287,0,292.5,292.3,7,69488,70661,71522,660.9,26.26,0
2026-10-02 04:16,276,0,293.3,293.1,7,71562,71705,71912,611.6,26.25,0
2026-10-02 04:17,292,0,294.5,295.7,7,71478,71700,71913,684.2,26.22,0
2026-10-02 04:18,307,0,303.3,302.0,7,71066,71269,71506,698.0,26.4,0
2026-10-02 04:19,309,0,299.5,300.3,7,70513,71452,71933,749.4,26.35,0
2026-10-02 04:20,302,0,300.8,300.1,7,69520,70684,71410,807.5,26.28,0
2026-10-02 04:21,280,0,284.6,283.7,8,69528,70549,72501,753.8,26.21,0
2026-10-02 04:22,280,0,314.4,315.5,8,71600,71763,71964,605.8,26.15,0
2026-10-02 04:23,340,0,339.4,339.6,8,69419,70652,71539,810.1,26.18,0
2026-10-02 04:24,314,0,334.1,335.3,8,69345,71566,71925,707.9,26.09,0
2026-10-02 04:25,323,0,351.3,351.1,8,71056,71200,71455,881.0,26.14,0
2026-10-02 04:26,334,0,341.5,339.9,8,70546,71180,71318,786.8,26.11,0
2026-10-02 04:27,332,0,332.3,332.2,8,70221,71187,71472,760.6,25.85,0
2026-10-02 04:28,298,0,317.7,318.7,8,69464,71256,71578,744.4,25.79,0
2026-10-02 04:29,283,0,296.0,293.7,7,69848,71270,71477,703.0,25.81,0
2026-10-02 04:30,283,0,296.6,293.0,7,69567,71419,71970,674.2,25.77,0
2026-10-02 04:31,303,0,305.2,303.9,7,69425,70768,71514,688.4,25.76,0
2026-10-02 04:32,282,0,301.3,301.3,7,69520,70413,71509,775.4,25.68,0
2026-10-02 04:33,279,0,295.8,293.4,7,69599,71217,71419,675.5,25.62,0
2026-10-02 04:34,287,0,299.5,301.1,7,69804,70765,71507,663.1,25.74,0
2026-10-02 04:35,288,0,292.8,293.2,7,69559,70564,71619,655.5,25.77,0
2026-10-02 04:36,342,0,332.0,334.8,7,69754,70831,71554,695.2,25.75,0
2026-10-02 04:37,1502,0,1499.5,1577.2,7,66491,66988,71342,2714.4,25.69,0
2026-10-02 04:38,2438,0,2442.2,2427.6,7,64300,65020,65551,4692.1,25.6,0
2026-10-02 04:39,3024,0,2991.1,3017.7,7,63099,63823,65174,5596.5,25.47,0
2026-10-02 04:40,1929,0,1982.4,1890.1,7,66684,67423,71129,5838.7,25.41,0
2026-10-02 04:41,428,0,448.8,450.0,7,69755,70682,71583,3367.9,25.36,0
2026-10-02 04:42,404,0,401.5,401.4,7,70259,70951,72022,2044.3,25.34,0
2026-10-02 04:43,854,0,865.2,896.6,7,69775,70365,71215,2428.5,25.32,0
2026-10-02 04:44,466,0,476.7,449.0,7,70247,71901,72055,2223.2,25.22,0
2026-10-02 04:45,1143,0,1472.8,1620.3,7,62157,64453,70904,3083.1,24.79,0
2026-10-02 04:46,880,0,1045.8,1244.5,6,42286,57531,60269,2546.5,24.81,0
2026-10-02 04:47,1366,0,831.9,519.5,6,54250,60710,64244,1452.2,24.87,0
2026-10-02 04:48,57,0,50.2,184.1,4,59930,63007,65281,1032.8,24.84,0
2026-10-02 04:49,288,0,218.9,227.2,5,56109,60504,60896,544.1,24.83,0
2026-10-02 04:50,0,0,0.0,130.9,0,51245,53403,55611,409.9,24.79,0
2026-10-02 04:51,0,0,0.0,103.6,0,44079,44745,47459,317.5,24.81,0
2026-10-02 04:52,0,0,0.0,84.1,0,36328,38242,41016,285.7,24.95,0
2026-10-02 04:53,0,0,0.0,68.3,0,31489,34230,35777,198.4,24.93,0
2026-10-02 04:54,0,0,0.0,56.6,0,28395,29719,31489,203.1,24.95,0
2026-10-02 04:55,0,0,0.0,47.5,0,26372,26744,27931,147.6,24.87,0
2026-10-02 04:56,0,0,0.0,40.9,0,22328,24278,24928,279.1,24.92,0
2026-10-02 04:57,0,0,0.0,36.5,0,21132,21132,22328,150.6,24.91,0
2026-10-02 04:58,0,0,0.0,32.6,0,18932,18982,20004,149.2,24.85,0
2026-10-02 04:59,0,0,0.0,29.5,0,16112,17055,17928,148.4,24.94,0
2026-10-02 05:00,0,0,0.0,27.0,0,14358,15218,16062,164.3,24.91,0
2026-10-02 05:01,0,0,0.0,24.9,0,12796,13573,14358,184.1,24.75,0
2026-10-02 05:02,0,0,0.0,22.7,0,11402,12049,12784,161.8,24.7,0
2026-10-02 05:03,0,0,0.0,20.3,0,10076,10718,11353,157.6,24.71,0
2026-10-02 05:04,0,0,0.0,18.3,0,8969,9481,10073,129.9,24.65,0
2026-10-02 05:05,0,0,0.0,16.7,0,7869,8410,8919,153.1,24.57,0
2026-10-02 05:06,0,0,0.0,15.1,0,6924,7387,7919,119.0,24.59,0
2026-10-02 05:07,0,0,0.0,13.8,0,6067,6487,6974,115.4,24.57,0
2026-10-02 05:08,0,0,0.0,12.8,0,5273,5657,6067,136.6,24.56,0
2026-10-02 05:09,0,0,0.0,11.0,0,4590,4923,5273,134.8,24.75,0
2026-10-02 05:10,0,0,0.0,9.5,0,4003,4286,4590,127.6,24.74,0
2026-10-02 05:11,0,0,0.0,8.4,0,3485,3784,4002,136.3,24.72,0
2026-10-02 05:12,0,0,0.0,7.5,0,3019,3243,3483,127.3,24.71,0
2026-10-02 05:13,0,0,0.0,6.8,0,2606,2833,3018,130.5,24.73,0
2026-10-02 05:14,0,0,0.0,6.1,0,2281,2412,2606,110.3,24.71,0
2026-10-02 05:15,0,0,0.0,5.3,0,1905,2114,2235,114.1,24.71,0
2026-10-02 05:16,0,0,0.0,4.6,0,1625,1782,1906,105.9,24.71,0
2026-10-02 05:17,0,0,0.0,3.9,0,1380,1494,1625,108.0,24.71,0
2026-10-02 05:18,0,0,0.0,3.3,0,1175,1275,1382,115.4,24.48,0
2026-10-02 05:19,0,0,0.0,3.0,0,1034,1107,1222,118.9,24.53,0
2026-10-02 05:20,0,0,0.0,2.7,0,819,901,984,116.5,24.51,0
2026-10-02 05:21,0,0,0.0,2.1,0,697,754,821,112.7,24.47,0
2026-10-02 05:22,0,0,0.0,1.8,0,587,645,745,114.4,24.49,0
2026-10-02 05:23,0,0,0.0,1.4,0,501,544,587,99.2,24.49,0
2026-10-02 05:24,0,0,0.0,1.2,0,429,464,512,111.0,24.45,0
2026-10-02 05:25,0,0,0.0,1.1,0,366,398,430,117.5,24.47,0
2026-10-02 05:26,0,0,0.0,1.0,0,306,333,364,116.3,24.68,0
2026-10-02 05:27,0,0,0.0,0.9,0,254,278,315,109.2,24.66,0
2026-10-02 05:28,0,0,0.0,0.7,0,212,256,304,105.8,24.65,0
2026-10-02 05:29,0,0,0.0,0.5,0,183,204,213,107.3,24.65,0
2026-10-02 05:30,0,0,0.0,0.3,0,159,174,219,104.4,24.64,0
2026-10-02 05:31,0,0,0.0,0.3,0,141,149,159,108.2,24.66,0
2026-10-02 05:32,0,0,0.0,0.3,0,123,131,140,112.8,24.65,0
2026-10-02 05:33,0,0,0.0,0.3,0,114,138,163,109.8,24.64,0
2026-10-02 05:34,0,0,0.0,0.3,0,87,100,146,101.0,24.64,0
2026-10-02 05:35,0,0,0.0,0.2,0,75,81,87,112.2,24.41,0
2026-10-02 05:36,0,0,0.0,0.2,0,72,74,133,102.7,24.38,0
2026-10-02 05:37,0,0,0.0,0.1,0,56,71,106,111.8,24.3,0
2026-10-02 05:38,0,0,0.0,0.1,0,48,52,58,112.0,24.28,0
2026-10-02 05:39,0,0,0.0,0.1,0,44,67,100,114.7,24.27,0
2026-10-02 05:40,0,0,0.0,0.1,0,36,40,45,99.3,24.27,0
2026-10-02 05:41,0,0,0.0,0.1,0,34,58,86,100.7,24.24,0
2026-10-02 05:42,0,0,0.0,0.1,0,28,30,32,96.0,24.36,0
2026-10-02 05:43,0,0,0.0,0.1,0,24,27,78,103.0,24.46,0
2026-10-02 05:44,0,0,0.0,0.1,0,20,23,72,100.0,24.44,0
2026-10-02 05:45,0,0,0.0,0.1,0,16,18,20,95.7,24.43,0
2026-10-02 05:46,0,0,0.0,0.1,0,12,16,64,98.1,24.3,0
2026-10-02 05:47,0,0,0.0,0.1,0,8,10,12,100.1,24.41,0
2026-10-02 05:48,0,0,0.0,0.1,0,4,6,9,109.5,24.4,0
2026-10-02 05:49,0,0,0.0,0.0,0,2,3,4,106.7,24.12,0
2026-10-02 05:50,0,0,0.0,0.0,0,2,27,53,105.1,23.24,0
2026-10-02 05:51,0,0,0.0,0.0,0,2,2,7,111.4,23.15,0
2026-10-02 05:52,0,0,0.0,0.0,0,2,3,53,108.3,22.83,0
2026-10-02 05:53,0,0,0.0,0.0,0,2,3,5,114.8,21.42,0
2026-10-02 05:54,0,0,0.0,0.0,0,2,30,104,101.3,18.14,0
2026-10-02 05:55,0,0,0.0,0.0,0,2,27,81,101.6,13.61,0
2026-10-02 05:56,0,0,0.0,0.0,0,2,2,52,117.4,12.15,0
2026-10-02 05:57,0,0,0.0,0.0,0,2,2,2,114.1,11.87,0
2026-10-02 05:58,0,0,0.0,0.0,0,2,3,3,121.5,11.61,0
2026-10-02 05:59,0,0,0.0,0.0,0,2,26,52,109.8,11.35,0
2026-10-02 06:00,0,0,0.0,0.0,0,2,2,52,108.6,11.52,0
2026-10-02 06:01,0,0,0.0,0.0,0,2,2,3,113.6,9.66,0
2026-10-02 06:02,0,0,0.0,0.0,0,2,27,52,130.2,9.64,0
2026-10-02 06:03,0,0,0.0,0.0,0,2,3,52,113.9,9.47,0
2026-10-02 06:04,0,0,0.0,0.0,0,2,4,8,98.7,9.46,0
2026-10-02 06:05,0,0,0.0,0.0,0,2,3,56,99.8,9.46,0
2026-10-02 06:06,0,0,0.0,0.0,0,2,2,52,106.0,9.3,0
2026-10-02 06:07,0,0,0.0,0.0,0,2,21,52,98.0,9.16,0
2026-10-02 06:08,0,0,0.0,0.0,0,2,27,52,97.8,9.19,0
2026-10-02 06:09,0,0,0.0,0.0,0,2,2,2,96.4,9.15,0
2026-10-02 06:10,0,0,0.0,0.0,0,2,2,2,90.3,9.16,0
2026-10-02 06:11,0,0,0.0,0.0,0,2,2,52,100.4,22.9,0
2026-10-02 06:12,0,0,0.0,0.0,0,2,2,52,98.7,22.92,0
2026-10-02 06:13,0,0,0.0,0.0,0,2,2,9,191.9,22.82,0
2026-10-02 06:14,0,0,0.0,0.0,0,2,2,52,118.5,22.93,0
2026-10-02 06:15,0,0,0.0,0.0,0,2,27,59,133.4,22.93,0
2026-10-02 06:16,0,0,0.0,0.0,0,2,2,52,123.0,22.91,0
2026-10-02 06:17,0,0,0.0,0.0,0,2,2,52,124.0,22.91,0
2026-10-02 06:18,0,0,0.0,0.0,0,2,2,52,106.9,22.87,0
2026-10-02 06:19,0,0,0.0,0.0,0,2,2,52,117.2,22.78,0
2026-10-02 06:20,0,0,0.0,0.0,0,2,52,53,112.2,22.83,0
2026-10-02 06:21,0,0,0.0,0.0,0,2,2,9,108.4,22.69,0
2026-10-02 06:22,0,0,0.0,0.0,0,2,27,52,107.3,22.62,0
2026-10-02 06:23,0,0,0.0,0.0,0,2,27,52,107.3,22.48,0
2026-10-02 06:24,0,0,0.0,0.0,0,2,52,52,109.8,22.5,0
2026-10-02 06:25,0,0,0.0,0.0,0,2,2,4,104.6,22.82,0
2026-10-02 06:26,0,0,0.0,0.0,0,2,2,52,114.7,22.94,0
2026-10-02 06:27,0,0,0.0,0.0,0,2,2,52,107.4,23.05,0
2026-10-02 06:28,0,0,0.0,0.0,0,2,2,59,99.7,22.77,0
2026-10-02 06:29,0,0,0.0,0.0,0,2,2,52,113.0,23.17,0
2026-10-02 06:30,0,0,0.0,0.0,0,2,2,52,103.8,23.26,0
2026-10-02 06:31,0,0,0.0,0.0,0,2,2,52,99.2,23.3,0
2026-10-02 06:32,0,0,0.0,0.0,0,2,2,2,114.2,23.29,0
2026-10-02 06:33,0,0,0.0,0.0,0,2,2,2,98.7,23.28,0
2026-10-02 06:34,0,0,0.0,0.0,0,2,2,9,99.4,23.27,0
2026-10-02 06:35,0,0,0.0,0.0,0,2,2,52,106.1,23.26,0
2026-10-02 06:36,0,0,0.0,0.0,0,2,2,52,111.5,23.27,0
2026-10-02 06:37,0,0,0.0,0.0,0,2,2,2,96.4,23.29,0
2026-10-02 06:38,0,0,0.0,0.0,0,2,2,2,94.8,23.07,0
2026-10-02 06:39,0,0,0.0,0.0,0,2,2,2,104.0,23.06,0
2026-10-02 06:40,0,0,0.0,0.0,0,2,2,52,99.7,23.05,0
2026-10-02 06:41,0,0,0.0,0.0,0,2,2,52,93.2,23.07,0
2026-10-02 06:42,0,0,0.0,0.0,0,2,2,52,95.5,23.04,0
2026-10-02 06:43,0,0,0.0,0.0,0,2,27,52,100.2,23.02,0
2026-10-02 06:44,0,0,0.0,0.0,0,2,2,2,140.7,22.97,0
2026-10-02 06:45,0,0,0.0,0.0,0,2,2,2,137.1,23.18,0
2026-10-02 06:46,0,0,0.0,0.0,0,,,,,,0
2026-10-02 06:47,0,0,0.0,0.0,0,,,,,,0
2026-10-02 06:48,0,0,0.0,0.0,0,,,,,,0
2026-10-02 06:49,0,0,0.0,0.0,0,,,,,,0
2026-10-02 06:50,0,0,0.0,0.0,0,,,,,,0
2026-10-02 06:51,0,0,0.0,0.0,0,,,,,,0
2026-10-02 06:52,0,0,0.0,0.0,0,,,,,,0
2026-10-02 06:53,0,0,0.0,0.0,0,,,,,,0
2026-10-02 06:54,0,0,0.0,0.0,0,,,,,,0
2026-10-02 06:55,0,0,0.0,0.0,0,,,,,,0
2026-10-02 06:56,0,0,0.0,0.0,0,,,,,,0
2026-10-02 06:57,0,0,0.0,0.0,0,,,,,,0
2026-10-02 06:58,0,0,0.0,0.0,0,,,,,,0
2026-10-02 06:59,0,0,0.0,0.0,0,,,,,,0
2026-10-02 07:00,0,0,0.0,0.0,0,,,,,,0
2026-10-02 07:01,0,0,0.0,0.0,0,,,,,,0
2026-10-02 07:02,0,0,0.0,0.0,0,,,,,,0
2026-10-02 07:03,0,0,0.0,0.0,0,,,,,,0
2026-10-02 07:04,0,0,0.0,0.0,0,,,,,,0
2026-10-02 07:05,0,0,0.0,0.0,0,,,,,,0
2026-10-02 07:06,0,0,0.0,0.0,0,,,,,,0
2026-10-02 07:07,0,0,0.0,0.0,0,0,110,221,156.3,22.3,0
2026-10-02 07:08,0,0,0.0,0.0,0,0,0,1,675.8,22.37,0
2026-10-02 07:09,750,0,227.6,217.9,1,0,135,609,1362.9,22.36,0
2026-10-02 07:10,2250,0,1649.5,1637.2,4,381,1480,2264,3233.8,22.12,0
2026-10-02 07:11,4750,0,2043.0,2022.1,6,780,1922,2941,4484.2,22.04,0
2026-10-02 07:12,6625,0,1782.9,1777.7,6,485,1545,3985,5011.6,21.97,0
2026-10-02 07:13,8500,0,2253.3,2274.4,6,134,704,1431,4728.8,21.87,0
2026-10-02 07:14,9000,0,2183.0,2184.9,6,410,1665,2853,4257.9,22.05,0
2026-10-02 07:15,9000,0,2323.9,2321.7,6,179,309,1377,3702.3,21.99,0
2026-10-02 07:16,8557,0,2570.1,1796.6,6,3482,27290,54887,2765.3,21.91,0
2026-10-02 07:17,2914,0,1861.7,2070.4,6,59180,63965,69077,3287.7,21.76,0
2026-10-02 07:18,8707,0,1778.3,2326.9,6,1125,10213,41915,4868.2,21.82,0
2026-10-02 07:19,9000,0,2354.2,2369.7,6,443,542,971,4312.3,21.92,0
2026-10-02 07:20,9000,0,2684.5,2674.7,6,849,1672,2157,4879.1,21.93,0
2026-10-02 07:21,9000,0,2450.0,2468.5,6,324,463,2721,4165.4,21.83,0
2026-10-02 07:22,9000,0,1617.6,1612.0,6,230,462,1109,3046.3,21.79,0
2026-10-02 07:23,9000,0,3021.2,3005.2,6,320,885,2347,4745.2,21.75,0
2026-10-02 07:24,7821,0,2768.2,2781.5,6,689,1077,2785,4817.6,21.63,0
2026-10-02 07:25,8500,0,1993.4,1995.8,6,324,705,1087,3954.7,21.71,0
2026-10-02 07:26,9000,0,1921.4,1902.0,6,1191,1749,2308,4449.5,21.75,0
2026-10-02 07:27,9000,0,2467.1,2484.6,6,2135,2525,2916,4543.2,21.54,0
2026-10-02 07:28,9000,0,2076.2,2081.8,6,354,501,649,4429.2,21.54,0
2026-10-02 07:29,9000,0,2347.3,2339.1,6,633,1176,1719,3859.7,21.47,0
2026-10-02 07:30,9000,0,2114.9,2120.1,6,258,343,428,3894.8,21.5,0
2026-10-02 07:31,8750,0,2335.3,2329.0,6,343,409,476,4225.6,21.31,0
2026-10-02 07:32,7500,0,1830.0,1813.9,5,1175,1299,1423,4401.9,21.22,0
2026-10-02 07:33,7500,0,1941.6,1970.6,5,383,1460,2537,4171.6,21.17,0
2026-10-02 07:34,7500,0,1857.6,1847.1,5,694,1114,1534,3448.8,21.15,0
2026-10-02 07:35,7500,0,1708.4,1655.1,5,8287,18249,28211,3963.8,21.2,0
2026-10-02 07:36,7500,0,1696.9,1702.8,5,7729,10077,12425,4326.2,21.17,0
2026-10-02 07:37,7250,0,1613.1,1674.3,6,159,5602,11046,4294.4,21.08,0
2026-10-02 07:38,9000,0,1719.2,1667.8,6,200,210,221,3050.6,20.98,0
2026-10-02 07:39,9000,0,3144.9,3115.5,6,1125,1808,2491,4645.4,20.93,0
2026-10-02 07:40,9000,0,3026.1,3028.2,6,719,899,1079,5669.6,20.82,0
2026-10-02 07:41,8750,0,2176.6,2195.1,6,457,1118,1779,4646.2,20.81,0
2026-10-02 07:42,7643,0,2991.3,2836.4,6,702,1057,1413,5039.2,20.49,0
2026-10-02 07:43,8750,0,2904.2,2804.9,6,2124,7477,12830,5110.9,20.41,0
2026-10-02 07:44,9000,0,2892.0,2856.1,6,4019,7425,10831,4974.9,20.11,0
2026-10-02 07:45,9000,0,2893.1,3004.9,6,1666,4096,6527,5473.7,20.38,0
2026-10-02 07:46,9000,0,2790.4,2687.5,6,4445,5217,5989,5104.4,20.19,0
2026-10-02 07:47,8750,0,2984.1,3039.6,6,1961,3274,4587,5491.4,20.1,0
2026-10-02 07:48,9000,0,2920.4,2978.6,6,5414,8615,11817,6273.9,19.92,0
2026-10-02 07:49,9000,0,2960.4,2606.2,6,2135,3963,5791,5597.1,19.97,0
2026-10-02 07:50,9000,0,2983.6,2856.4,6,5562,6611,7661,5568.1,19.69,0
2026-10-02 07:51,8000,0,2761.5,2231.9,6,7494,9578,11663,4657.8,19.78,0
2026-10-02 07:52,5165,8,2787.5,2423.8,6,59444,77868,96293,3645.9,19.73,0
2026-10-02 07:53,3602,1,1758.5,1358.0,6,26400,56780,87161,3529.6,19.78,3
2026-10-02 07:54,6493,0,2114.7,3327.0,6,4503,15462,26422,5049.8,19.67,0
2026-10-02 07:55,6750,0,2394.1,2453.0,6,2377,2603,2830,4885.4,19.51,0
2026-10-02 07:56,7750,0,2302.6,2266.4,6,2949,3243,3537,4511.8,19.58,0
2026-10-02 07:57,5500,0,2206.3,2204.5,6,0,981,1963,4495.9,19.55,0
2026-10-02 07:58,2250,0,1216.3,1302.9,6,3108,3654,4200,3067.1,19.48,0
2026-10-02 07:59,1554,0,882.6,0.0,6,4750,32666,60583,143.8,19.5,0
2026-10-02 08:00,0,0,0.0,0.0,0,61833,62703,63574,144.1,19.32,0
2026-10-02 08:01,0,0,0.0,882.6,0,50,20797,41545,1832.5,19.27,0
2026-10-02 08:02,0,0,0.0,0.0,0,50,58,66,123.2,19.24,0
2026-10-02 08:03,0,0,0.0,0.0,0,393,4571,8749,191.7,19.27,0
2026-10-02 08:04,0,0,0.0,0.0,0,6836,21854,36873,136.7,19.23,0
2026-10-02 08:05,0,0,0.0,0.0,0,36720,37432,38144,143.0,19.2,0
2026-10-02 08:06,0,0,0.0,0.0,0,34835,35207,35579,138.2,19.21,0
2026-10-02 08:07,0,0,0.0,0.0,0,36821,37773,38726,136.5,19.22,0
2026-10-02 08:08,0,0,0.0,0.0,0,41636,43439,45243,138.9,19.23,0
2026-10-02 08:09,0,0,0.0,0.0,0,47525,49035,50546,139.6,19.41,0
2026-10-02 08:10,0,0,0.0,0.0,0,47732,48744,49756,137.3,19.4,0
2026-10-02 08:11,0,0,0.0,0.0,0,43358,44520,45683,154.1,19.39,0
2026-10-02 08:12,0,0,0.0,0.0,0,38897,39989,41082,147.8,19.43,0
2026-10-02 08:13,0,0,0.0,0.0,0,37058,37074,37090,135.8,19.42,0
2026-10-02 08:14,0,0,0.0,0.0,0,39347,39347,39347,147.8,19.41,0
2026-10-02 08:15,0,0,0.0,0.0,0,,,,,,0
2026-10-02 08:16,0,0,0.0,0.0,0,,,,,,0
2026-10-02 08:17,0,0,0.0,0.0,0,,,,,,0
2026-10-02 08:18,0,0,0.0,0.0,0,,,,,,0
2026-10-02 08:19,0,0,0.0,0.0,0,,,,,,0
2026-10-02 08:20,0,0,0.0,0.0,0,,,,,,0
2026-10-02 08:21,0,0,0.0,0.0,0,,,,,,0
2026-10-02 08:22,0,0,0.0,0.0,0,,,,,,0
2026-10-02 08:23,0,0,0.0,0.0,0,,,,,,0
2026-10-02 08:24,0,0,0.0,0.0,0,,,,,,0
2026-10-02 08:25,0,0,0.0,0.0,0,,,,,,0
2026-10-02 08:26,0,0,0.0,0.0,0,,,,,,0
2026-10-02 08:27,0,0,0.0,0.0,0,,,,,,0
2026-10-02 08:28,0,0,0.0,0.0,0,,,,,,0
2026-10-02 08:29,0,0,0.0,0.0,0,,,,,,0
2026-10-02 08:30,0,0,0.0,0.0,0,,,,,,0
2026-10-02 08:31,0,0,0.0,0.0,0,,,,,,0
2026-10-02 08:32,0,0,0.0,0.0,0,,,,,,0
2026-10-02 08:33,0,0,0.0,0.0,0,,,,,,0
2026-10-02 08:34,0,0,0.0,0.0,0,,,,,,0
2026-10-02 08:35,0,0,0.0,0.0,0,,,,,,0
2026-10-02 08:36,0,0,0.0,0.0,0,,,,,,0
2026-10-02 08:37,0,0,0.0,0.0,0,,,,,,0
2026-10-02 08:38,0,0,0.0,0.0,0,,,,,,0
2026-10-02 08:39,0,0,0.0,0.0,0,,,,,,0
2026-10-02 08:40,0,0,0.0,0.0,0,,,,,,0
2026-10-02 08:41,0,0,0.0,0.0,0,,,,,,0
2026-10-02 08:42,0,0,0.0,0.0,0,,,,,,0
2026-10-02 08:43,0,0,0.0,0.0,0,,,,,,0
2026-10-02 08:44,0,0,0.0,0.0,0,,,,,,0
2026-10-02 08:45,0,0,0.0,0.0,0,,,,,,0
2026-10-02 08:46,0,0,0.0,0.0,0,,,,,,0
2026-10-02 08:47,0,0,0.0,0.0,0,,,,,,0
2026-10-02 08:48,0,0,0.0,0.0,0,,,,,,0
2026-10-02 08:49,0,0,0.0,0.0,0,,,,,,0
2026-10-02 08:50,0,0,0.0,0.0,0,,,,,,0
2026-10-02 08:51,0,0,0.0,0.0,0,,,,,,0
2026-10-02 08:52,0,0,0.0,0.0,0,,,,,,0
2026-10-02 08:53,0,0,0.0,0.0,0,,,,,,0
2026-10-02 08:54,0,0,0.0,0.0,0,,,,,,0
2026-10-02 08:55,0,0,0.0,0.0,0,,,,,,0
2026-10-02 08:56,0,0,0.0,0.0,0,,,,,,0
2026-10-02 08:57,0,0,0.0,0.0,0,,,,,,0
2026-10-02 08:58,0,0,0.0,0.0,0,,,,,,0
2026-10-02 08:59,0,0,0.0,0.0,0,,,,,,0
2026-10-02 09:00,0,0,0.0,0.0,0,,,,,,0
2026-10-02 09:01,0,0,0.0,0.0,0,,,,,,0
2026-10-02 09:02,0,0,0.0,0.0,0,,,,,,0
2026-10-02 09:03,0,0,0.0,0.0,0,,,,,,0
2026-10-02 09:04,0,0,0.0,0.0,0,,,,,,0
2026-10-02 09:05,0,0,0.0,0.0,0,,,,,,0
2026-10-02 09:06,0,0,0.0,0.0,0,,,,,,0
2026-10-02 09:07,0,0,0.0,0.0,0,,,,,,0
2026-10-02 09:08,0,0,0.0,0.0,0,,,,,,0
2026-10-02 09:09,0,0,0.0,0.0,0,,,,,,0
2026-10-02 09:10,0,0,0.0,0.0,0,,,,,,0
2026-10-02 09:11,0,0,0.0,0.0,0,,,,,,0
2026-10-02 09:12,0,0,0.0,0.0,0,,,,,,0
2026-10-02 09:13,0,0,0.0,0.0,0,,,,,,0
2026-10-02 09:14,0,0,0.0,0.0,0,,,,,,0
2026-10-02 09:15,0,0,0.0,0.0,0,,,,,,0
2026-10-02 09:16,0,0,0.0,0.0,0,,,,,,0
2026-10-02 09:17,0,0,0.0,0.0,0,,,,,,0
2026-10-02 09:18,0,0,0.0,0.0,0,,,,,,0
2026-10-02 09:19,0,0,0.0,0.0,0,,,,,,0
2026-10-02 09:20,0,0,0.0,0.0,0,,,,,,0
2026-10-02 09:21,0,0,0.0,0.0,0,,,,,,0
2026-10-02 09:22,0,0,0.0,0.0,0,,,,,,0
2026-10-02 09:23,0,0,0.0,0.0,0,,,,,,0
2026-10-02 09:24,0,0,0.0,0.0,0,,,,,,0
2026-10-02 09:25,0,0,0.0,0.0,0,,,,,,0
2026-10-02 09:26,0,0,0.0,0.0,0,,,,,,0
2026-10-02 09:27,0,0,0.0,0.0,0,,,,,,0
2026-10-02 09:28,0,0,0.0,0.0,0,,,,,,0
2026-10-02 09:29,0,0,0.0,0.0,0,,,,,,0
2026-10-02 09:30,0,0,0.0,0.0,0,,,,,,0
2026-10-02 09:31,0,0,0.0,0.0,0,,,,,,0
2026-10-02 09:32,0,0,0.0,0.0,0,,,,,,0
2026-10-02 09:33,0,0,0.0,0.0,0,,,,,,0
2026-10-02 09:34,0,0,0.0,0.0,0,,,,,,0
2026-10-02 09:35,0,0,0.0,0.0,0,,,,,,0
2026-10-02 09:36,0,0,0.0,0.0,0,,,,,,0
2026-10-02 09:37,0,0,0.0,0.0,0,,,,,,0
2026-10-02 09:38,0,0,0.0,0.0,0,,,,,,0
2026-10-02 09:39,0,0,0.0,0.0,0,,,,,,0
2026-10-02 09:40,0,0,0.0,0.0,0,,,,,,0
2026-10-02 09:41,0,0,0.0,0.0,0,,,,,,0
2026-10-02 09:42,0,0,0.0,0.0,0,,,,,,0
2026-10-02 09:43,0,0,0.0,0.0,0,,,,,,0
2026-10-02 09:44,0,0,0.0,0.0,0,,,,,,0
2026-10-02 09:45,0,0,0.0,0.0,0,,,,,,0
2026-10-02 09:46,0,0,0.0,0.0,0,,,,,,0
2026-10-02 09:47,0,0,0.0,0.0,0,,,,,,0
2026-10-02 09:48,0,0,0.0,0.0,0,,,,,,0
2026-10-02 09:49,0,0,0.0,0.0,0,316,316,316,,26.54,0
2026-10-02 09:50,0,0,0.0,0.0,0,0,1,3,197.6,26.53,0
2026-10-02 09:51,0,0,0.0,0.0,0,0,0,1,134.8,26.52,0
2026-10-02 09:52,1500,0,1130.1,1078.6,3,468,485,502,1644.8,26.5,0
2026-10-02 09:53,3750,0,2395.1,2273.0,5,499,1734,2970,4262.6,26.4,0
2026-10-02 09:54,5750,0,2306.2,2299.3,6,3342,4351,5360,4447.2,26.37,0
2026-10-02 09:55,7625,0,2563.1,2356.8,6,2526,3603,4681,4668.2,26.29,0
2026-10-02 09:56,9000,0,2847.1,2714.3,6,6661,7540,8420,5092.7,26.18,0
2026-10-02 09:57,9000,0,2600.0,2432.3,6,7552,7626,7701,4993.5,26.12,0
2026-10-02 09:58,9000,0,2133.6,2174.1,6,3207,4915,6623,4244.7,26.05,0
2026-10-02 09:59,9000,0,2467.2,2265.7,6,2958,6472,9986,4751.4,25.84,0
2026-10-02 10:00,9000,0,2533.6,2656.2,6,5472,7546,9621,5200.6,25.82,0
2026-10-02 10:01,9000,0,2365.9,2460.4,6,2351,3639,4927,5019.8,25.82,0
2026-10-02 10:02,9750,0,1815.1,1700.5,7,2817,6431,10045,3683.6,25.75,0
2026-10-02 10:03,9750,0,2279.0,2152.1,7,11066,12178,13290,4148.2,25.61,0
2026-10-02 10:04,10500,0,2392.7,2390.0,7,5203,6472,7742,4798.8,25.52,0
2026-10-02 10:05,10500,0,2448.8,2447.6,7,2874,6438,10002,4965.8,25.45,0
2026-10-02 10:06,10500,0,1933.7,2017.2,7,3153,5782,8412,4179.5,25.4,0
2026-10-02 10:07,10500,0,2626.8,2597.8,7,7358,7468,7579,4911.5,25.33,0
2026-10-02 10:08,10500,0,2572.3,2374.5,7,7167,11039,14912,4647.2,25.11,0
2026-10-02 10:09,11250,0,2212.3,2147.0,8,16821,17287,17753,4860.6,25.18,0
2026-10-02 10:10,11250,0,2057.0,2097.2,8,11418,13289,15160,4173.6,25.08,0
2026-10-02 10:11,7701,0,1988.1,2338.6,8,36997,42902,48808,4933.4,24.94,0
2026-10-02 10:12,0,0,32.8,174.5,5,57536,66998,76461,2754.9,24.99,0
2026-10-02 10:13,0,0,0.0,0.0,0,64018,68747,73477,2359.3,24.81,0
2026-10-02 10:14,896,0,788.4,657.0,7,40837,43072,45308,3244.8,24.89,0
2026-10-02 10:15,2441,0,1781.7,1678.7,7,37891,41570,45249,4589.4,24.5,0
2026-10-02 10:16,1529,0,1522.3,1685.8,7,41486,41819,42153,4461.9,24.6,0
2026-10-02 10:17,992,0,967.6,1015.3,7,41899,42423,42947,4001.0,24.54,0
2026-10-02 10:18,626,0,611.4,580.0,7,18819,21870,24922,3259.2,24.61,0
2026-10-02 10:19,1332,0,1176.3,1131.9,7,17309,18246,19183,3851.7,24.53,0
2026-10-02 10:20,3662,0,2201.8,2132.3,7,13799,16003,18207,5053.1,24.49,0
2026-10-02 10:21,8958,0,2281.9,2241.9,6,4796,6327,7858,6230.7,24.41,0
2026-10-02 10:22,9000,0,2211.6,2156.3,6,3718,5502,7287,5366.9,24.22,0
2026-10-02 10:23,9000,0,1787.4,1791.3,6,1796,2707,3619,4506.4,24.24,0
2026-10-02 10:24,8910,0,2087.8,2025.3,6,5567,8074,10582,5225.0,24.04,0
2026-10-02 10:25,8974,0,2176.4,2301.6,6,1892,2811,3730,5225.2,24.07,0
2026-10-02 10:26,9000,0,1975.9,1818.1,6,3968,5868,7769,5136.0,24,0
2026-10-02 10:27,9000,0,1749.8,1798.4,6,3243,4573,5903,4813.0,23.39,0
2026-10-02 10:28,6717,0,2118.9,2162.1,6,11253,16424,21596,5870.1,23.81,0
2026-10-02 10:29,2144,0,1820.4,1867.0,6,16876,17654,18433,5253.3,23.62,0
2026-10-02 10:30,5399,0,1902.9,1809.7,6,11283,14954,18625,5923.3,23.64,0
2026-10-02 10:31,8633,0,1719.1,1686.8,6,2264,2316,2368,5031.9,23.61,0
2026-10-02 10:32,9000,0,2161.6,2084.2,6,1029,3274,5520,4953.9,23.51,0
2026-10-02 10:33,9000,0,2526.5,2620.6,6,3939,4172,4405,5605.2,23.44,0
2026-10-02 10:34,9000,0,2396.5,2399.6,6,1964,3249,4534,5803.2,23.35,0
2026-10-02 10:35,9000,0,2110.9,2158.5,6,2368,2637,2906,5053.2,23.28,0
2026-10-02 10:36,9000,0,2081.1,2014.5,6,1508,1705,1902,4587.5,23.01,0
2026-10-02 10:37,9000,0,2509.5,2515.7,6,3098,3851,4604,5387.4,22.8,0
2026-10-02 10:38,8993,0,2227.4,2235.2,6,3189,5169,7149,6118.2,22.9,0
2026-10-02 10:39,8925,0,1820.4,1759.3,6,3770,7753,11737,5176.1,22.81,0
2026-10-02 10:40,1731,0,1106.5,1241.8,6,15924,15997,16070,4644.2,22.83,0
2026-10-02 10:41,4902,0,1741.9,1702.8,6,12110,15455,18801,6245.7,22.74,0
2026-10-02 10:42,8920,0,2021.7,1957.9,6,791,1015,1239,5893.6,22.6,0
2026-10-02 10:43,9000,0,1922.1,1826.6,6,1484,2380,3277,5252.4,22.54,0
2026-10-02 10:44,9000,0,2089.8,2263.3,6,1578,1585,1592,4665.8,22.33,0
2026-10-02 10:45,9000,0,2056.2,2000.5,6,1652,1663,1674,5392.1,22.41,0
2026-10-02 10:46,9000,0,2127.7,1936.2,6,1432,2146,2861,5657.8,22.24,0
2026-10-02 10:47,9000,0,1872.3,1786.1,6,1271,1280,1289,5404.8,22.19,0
2026-10-02 10:48,9000,0,1922.7,1909.7,6,2543,2995,3447,4606.8,22.11,0
2026-10-02 10:49,9000,0,2309.3,2270.2,6,1128,2492,3857,5249.6,22.03,0
2026-10-02 10:50,9000,0,1976.4,1943.7,6,2823,3657,4491,6010.2,21.9,0
2026-10-02 10:51,9000,0,1884.7,1858.2,6,1314,2129,2944,5236.7,21.85,0
2026-10-02 10:52,9000,0,1914.8,1921.3,6,1820,4802,7785,5087.3,21.62,0
2026-10-02 10:53,9000,0,2124.1,2094.2,6,2051,2078,2105,5324.8,21.67,0
2026-10-02 10:54,9000,0,2163.5,2170.4,6,589,1057,1526,5028.5,21.46,0
2026-10-02 10:55,5550,0,1358.4,1467.3,6,1391,1705,2020,3762.9,21,0
2026-10-02 10:56,9000,0,1791.1,1714.1,6,1176,2014,2853,4803.5,21.37,0
2026-10-02 10:57,9000,0,1891.6,1856.0,6,492,3166,5840,4757.4,21.39,0
2026-10-02 10:58,9000,0,1967.5,1880.7,6,2073,3776,5480,4748.6,21.17,0
2026-10-02 10:59,8750,0,1550.2,1643.6,6,1838,2598,3358,4851.4,21.19,0
2026-10-02 11:00,8450,0,1713.5,1773.2,6,3372,3443,3514,4772.0,21.03,0
2026-10-02 11:01,5250,0,1488.2,1463.6,6,1824,2776,3729,3858.5,20.99,0
2026-10-02 11:02,4750,0,1562.0,1616.6,6,1,1,1,4235.5,20.98,0
2026-10-02 11:03,500,0,659.7,695.6,6,0,0,0,1910.1,21,0
2026-10-02 11:04,0,0,0.0,0.0,0,0,1,3,1429.7,20.95,0
2026-10-02 11:05,0,0,0.0,0.0,0,0,2,4,1293.3,20.92,0
2026-10-02 11:06,0,0,0.0,0.0,0,0,25,50,938.4,20.9,0
2026-10-02 11:07,0,0,0.0,0.0,0,6,28,50,609.9,20.9,0
2026-10-02 11:08,0,0,0.0,0.0,0,0,3,6,733.8,20.87,0
2026-10-02 11:09,0,0,0.0,0.0,0,0,0,0,785.1,20.87,0
2026-10-02 11:10,0,0,0.0,0.0,0,0,0,1,630.6,20.85,0
2026-10-02 11:11,0,0,0.0,0.0,0,2,218,434,1162.8,20.85,0
2026-10-02 11:12,0,0,0.0,0.0,0,0,7,15,2347.0,20.82,0
2026-10-02 11:13,0,0,0.0,0.0,0,0,1,2,746.1,20.77,0
2026-10-02 11:14,0,0,0.0,0.0,0,0,0,0,714.3,20.82,0
2026-10-02 11:15,0,0,0.0,0.0,0,2,490,979,555.6,20.8,0
2026-10-02 11:16,0,0,0.0,0.0,0,0,599,1198,743.2,20.61,0
2026-10-02 11:17,0,0,0.0,0.0,0,0,25,50,844.5,20.77,0
2026-10-02 11:18,0,0,0.0,0.0,0,0,0,0,533.7,20.74,0
2026-10-02 11:19,0,0,0.0,0.0,0,10,34,59,535.5,20.71,0
2026-10-02 11:20,0,0,0.0,0.0,0,0,12,24,466.1,20.75,0
2026-10-02 11:21,0,0,0.0,0.0,0,0,24,48,447.1,20.73,0
2026-10-02 11:22,0,0,0.0,0.0,0,0,3,7,316.6,20.74,0
2026-10-02 11:23,0,0,0.0,0.0,0,0,5,10,343.5,20.72,0
2026-10-02 11:24,0,0,0.0,0.0,0,0,3,7,230.7,20.72,0
2026-10-02 11:25,0,0,0.0,0.0,0,0,29,59,217.6,20.72,0
2026-10-02 11:26,0,0,0.0,0.0,0,1,1,1,233.1,20.7,0
2026-10-02 11:27,0,0,0.0,0.0,0,0,0,1,239.2,20.66,0
2026-10-02 11:28,0,0,0.0,0.0,0,9,29,50,244.2,20.68,0
2026-10-02 11:29,0,0,0.0,0.0,0,6,8,10,456.1,20.58,0
2026-10-02 11:30,0,0,0.0,0.0,0,7,11,15,401.1,20.66,0
2026-10-02 11:31,0,0,0.0,0.0,0,0,4,9,506.2,20.65,0
2026-10-02 11:32,0,0,0.0,0.0,0,0,0,0,194.1,20.64,0
2026-10-02 11:33,0,0,0.0,0.0,0,0,0,0,158.1,20.63,0
2026-10-02 11:34,0,0,0.0,0.0,0,0,0,0,135.6,20.65,0
2026-10-02 11:35,0,0,0.0,0.0,0,0,0,0,122.0,20.64,0
2026-10-02 11:36,0,0,0.0,0.0,0,0,0,0,137.2,20.61,0
2026-10-02 11:37,0,0,0.0,0.0,0,0,0,0,153.6,20.59,0
2026-10-02 11:38,0,0,0.0,0.0,0,0,0,0,144.8,20.62,0
2026-10-02 11:39,0,0,0.0,0.0,0,0,0,1,128.3,20.6,0
2026-10-02 11:40,0,0,0.0,0.0,0,0,29,58,136.3,20.6,0
2026-10-02 11:41,0,0,0.0,0.0,0,0,0,0,158.8,20.59,0
2026-10-02 11:42,0,0,0.0,0.0,0,1,32,63,182.2,20.58,0
2026-10-02 11:43,0,0,0.0,0.0,0,0,0,0,165.5,20.59,0
2026-10-02 11:44,0,0,0.0,0.0,0,0,0,0,163.0,20.58,0
2026-10-02 11:45,0,0,0.0,0.0,0,0,4,9,157.7,20.57,0
2026-10-02 11:46,0,0,0.0,0.0,0,0,0,0,123.0,20.56,0
2026-10-02 11:47,0,0,0.0,0.0,0,0,0,0,140.2,20.56,0
2026-10-02 11:48,0,0,0.0,0.0,0,0,0,0,138.2,20.55,0
2026-10-02 11:49,0,0,0.0,0.0,0,1,26,51,130.6,20.54,0
2026-10-02 11:50,0,0,0.0,0.0,0,0,25,51,125.5,20.52,0
2026-10-02 11:51,0,0,0.0,0.0,0,0,0,1,112.8,20.55,0
2026-10-02 11:52,0,0,0.0,0.0,0,0,0,0,130.8,20.54,0
2026-10-02 11:53,0,0,0.0,0.0,0,0,0,0,136.5,20.56,0
2026-10-02 11:54,0,0,0.0,0.0,0,0,0,0,130.8,20.43,0
2026-10-02 11:55,0,0,0.0,0.0,0,0,0,0,179.6,20.55,0
2026-10-02 11:56,0,0,0.0,0.0,0,0,0,0,151.4,20.55,0
2026-10-02 11:57,0,0,0.0,0.0,0,0,0,0,134.1,20.53,0
2026-10-02 11:58,0,0,0.0,0.0,0,0,0,0,127.1,20.54,0
2026-10-02 11:59,0,0,0.0,0.0,0,0,25,50,134.9,20.53,0
2026-10-02 12:00,0,0,0.0,0.0,0,0,0,0,137.5,20.54,0
2026-10-02 12:01,0,0,0.0,0.0,0,0,3,7,217.4,20.53,0
2026-10-02 12:02,0,0,0.0,0.0,0,0,0,0,155.8,20.53,0
2026-10-02 12:03,0,0,0.0,0.0,0,0,1,2,145.4,20.52,0
2026-10-02 12:04,0,0,0.0,0.0,0,0,0,1,151.9,20.51,0
2026-10-02 12:05,0,0,0.0,0.0,0,0,0,0,152.9,20.51,0
2026-10-02 12:06,0,0,0.0,0.0,0,0,77,154,154.6,20.5,0
2026-10-02 12:07,0,0,0.0,0.0,0,0,0,0,185.2,20.49,0
2026-10-02 12:08,0,0,0.0,0.0,0,0,28,57,180.7,20.51,0
2026-10-02 12:09,0,0,0.0,0.0,0,0,0,0,151.8,20.49,0
2026-10-02 12:10,0,0,0.0,0.0,0,0,25,50,151.7,20.49,0
2026-10-02 12:11,0,0,0.0,0.0,0,0,0,0,148.6,20.47,0
2026-10-02 12:12,0,0,0.0,0.0,0,0,25,50,166.4,20.48,0
2026-10-02 12:13,0,0,0.0,0.0,0,0,0,0,131.1,20.47,0
2026-10-02 12:14,0,0,0.0,0.0,0,0,25,50,178.0,20.45,0
2026-10-02 12:15,0,0,0.0,0.0,0,0,0,0,144.2,20.44,0
2026-10-02 12:16,0,0,0.0,0.0,0,0,0,0,140.9,20.45,0
2026-10-02 12:17,0,0,0.0,0.0,0,0,0,0,144.3,20.45,0
2026-10-02 12:18,0,0,0.0,0.0,0,0,0,0,120.0,20.46,0
2026-10-02 12:19,0,0,0.0,0.0,0,0,0,0,131.4,20.44,0
2026-10-02 12:20,0,0,0.0,0.0,0,0,0,0,154.8,20.44,0
2026-10-02 12:21,0,0,0.0,0.0,0,0,0,0,187.3,20.42,0
2026-10-02 12:22,0,0,0.0,0.0,0,0,104,208,190.5,20.42,0
2026-10-02 12:23,0,0,0.0,0.0,0,0,0,0,173.6,20.41,0
2026-10-02 12:24,0,0,0.0,0.0,0,0,4,9,152.3,20.41,0
2026-10-02 12:25,0,0,0.0,0.0,0,0,0,0,114.4,20.42,0
2026-10-02 12:26,0,0,0.0,0.0,0,0,0,0,161.2,20.42,0
2026-10-02 12:27,0,0,0.0,0.0,0,0,25,50,120.1,20.43,0
2026-10-02 12:28,0,0,0.0,0.0,0,0,25,51,149.9,20.41,0
2026-10-02 12:29,0,0,0.0,0.0,0,0,25,50,141.9,20.41,0
2026-10-02 12:30,0,0,0.0,0.0,0,0,0,0,132.6,20.4,0
2026-10-02 12:31,0,0,0.0,0.0,0,0,2,5,141.7,20.39,0
2026-10-02 12:32,0,0,0.0,0.0,0,0,25,50,155.2,20.38,0
2026-10-02 12:33,0,0,0.0,0.0,0,0,25,50,158.2,20.39,0
2026-10-02 12:34,0,0,0.0,0.0,0,50,50,51,126.2,20.38,0
2026-10-02 12:35,0,0,0.0,0.0,0,0,0,0,131.7,20.38,0
2026-10-02 12:36,0,0,0.0,0.0,0,0,0,0,128.6,20.38,0
2026-10-02 12:37,0,0,0.0,0.0,0,0,0,0,135.3,20.37,0
2026-10-02 12:38,0,0,0.0,0.0,0,0,0,0,138.8,20.36,0
2026-10-02 12:39,0,0,0.0,0.0,0,0,0,0,161.1,20.35,0
2026-10-02 12:40,0,0,0.0,0.0,0,0,0,1,151.4,20.34,0
2026-10-02 12:41,0,0,0.0,0.0,0,0,0,1,134,20.27,0
2026-10-02 12:42,0,0,0.0,0.0,0,0,0,0,181.1,20.34,0
2026-10-02 12:43,0,0,0.0,0.0,0,0,0,0,224.2,20.26,0
2026-10-02 12:44,0,0,0.0,0.0,0,0,0,0,166.7,20.3,0
2026-10-02 12:45,0,0,0.0,0.0,0,0,25,50,165.5,20.26,0
2026-10-02 12:46,0,0,0.0,0.0,0,0,6,13,258.8,20.29,0
2026-10-02 12:47,0,0,0.0,0.0,0,0,0,0,241.3,20.35,0
2026-10-02 12:48,0,0,0.0,0.0,0,0,0,0,222.8,20.4,0
2026-10-02 12:49,0,0,0.0,0.0,0,0,1,3,197.1,20.39,0
2026-10-02 12:50,0,0,0.0,0.0,0,0,3,7,191.0,20.37,0
2026-10-02 12:51,0,0,0.0,0.0,0,0,0,0,194.6,20.36,0
2026-10-02 12:52,0,0,0.0,0.0,0,0,0,0,151.3,20.35,0
2026-10-02 12:53,0,0,0.0,0.0,0,0,0,0,152.3,20.38,0
2026-10-02 12:54,0,0,0.0,0.0,0,0,0,0,179.1,20.36,0
2026-10-02 12:55,0,0,0.0,0.0,0,0,87,175,207.7,20.12,0
2026-10-02 12:56,0,0,0.0,0.0,0,0,52,105,390.7,20.34,0
2026-10-02 12:57,0,0,0.0,0.0,0,0,0,0,208.2,20.32,0
2026-10-02 12:58,0,0,0.0,0.0,0,0,0,0,223,20.34,0
2026-10-02 12:59,0,0,0.0,0.0,0,0,25,51,198.2,20.33,0
2026-10-02 13:00,0,0,0.0,0.0,0,0,0,0,153.3,20.16,0
2026-10-02 13:01,0,0,0.0,0.0,0,0,0,0,144.8,20.31,0
2026-10-02 13:02,0,0,0.0,0.0,0,0,0,0,161.8,20.24,0
2026-10-02 13:03,0,0,0.0,0.0,0,0,0,0,156.0,20.28,0
2026-10-02 13:04,0,0,0.0,0.0,0,0,0,0,192.6,20.3,0
2026-10-02 13:05,0,0,0.0,0.0,0,1,1,1,153.0,20.14,0
2026-10-02 13:06,0,0,0.0,0.0,0,0,0,0,165.7,20.29,0
2026-10-02 13:07,0,0,0.0,0.0,0,0,129,259,165.3,20.28,0
2026-10-02 13:08,0,0,0.0,0.0,0,0,0,0,182.8,20.27,0
2026-10-02 13:09,0,0,0.0,0.0,0,0,0,0,203.8,20.26,0
2026-10-02 13:10,0,0,0.0,0.0,0,0,3,7,173.2,20.19,0
2026-10-02 13:11,0,0,0.0,0.0,0,0,0,0,165.7,20.26,0
2026-10-02 13:12,0,0,0.0,0.0,0,0,25,50,183.9,20.26,0
2026-10-02 13:13,0,0,0.0,0.0,0,0,185,370,189.8,20.24,0
2026-10-02 13:14,0,0,0.0,0.0,0,0,0,0,193.4,20.25,0
2026-10-02 13:15,0,0,0.0,0.0,0,0,0,0,139.0,20.24,0
2026-10-02 13:16,0,0,0.0,0.0,0,0,0,0,163.7,20.23,0
2026-10-02 13:17,0,0,0.0,0.0,0,0,0,0,184.6,20.22,0
2026-10-02 13:18,0,0,0.0,0.0,0,0,0,0,161.3,20.2,0
2026-10-02 13:19,0,0,0.0,0.0,0,0,0,0,207.3,20.18,0
2026-10-02 13:20,0,0,0.0,0.0,0,0,0,0,163.2,20.11,0
2026-10-02 13:21,0,0,0.0,0.0,0,0,0,0,148.9,20.18,0
2026-10-02 13:22,0,0,0.0,0.0,0,0,0,0,226.1,20.16,0
2026-10-02 13:23,0,0,0.0,0.0,0,0,0,0,193.9,20.13,0
2026-10-02 13:24,0,0,0.0,0.0,0,1,25,50,166.9,20.11,0
2026-10-02 13:25,0,0,0.0,0.0,0,0,29,58,204.3,20.07,0
2026-10-02 13:26,0,0,0.0,0.0,0,0,25,50,200.9,20.06,0
2026-10-02 13:27,0,0,0.0,0.0,0,0,3,7,217.7,20.03,0
2026-10-02 13:28,0,0,0.0,0.0,0,105,125,145,1059.3,19.94,0
2026-10-02 13:29,0,0,0.0,0.0,0,244,274,304,1705.6,20.02,0
2026-10-02 13:30,0,0,0.0,0.0,0,189,593,997,2062.2,19.99,0
2026-10-02 13:31,0,0,0.0,0.0,0,604,613,622,2341.1,19.96,0
2026-10-02 13:32,0,0,0.0,0.0,0,286,367,448,2060.6,19.92,0
2026-10-02 13:33,0,0,0.0,0.0,0,257,421,585,1781.0,19.75,0
2026-10-02 13:34,0,0,0.0,0.0,0,13,479,945,1505.0,19.82,0
2026-10-02 13:35,0,0,0.0,0.0,0,50,392,735,1940.2,19.83,0
2026-10-02 13:36,0,0,0.0,0.0,0,0,3,6,1282.8,19.76,0
2026-10-02 13:37,0,0,0.0,0.0,0,0,1,3,443.5,19.79,0
2026-10-02 13:38,0,0,0.0,0.0,0,10305,12306,14307,2344.4,19.75,0
2026-10-02 13:39,0,0,0.0,0.0,0,375,812,1249,2563.9,19.65,0
2026-10-02 13:40,0,0,0.0,0.0,0,1,6,12,2573.5,19.68,0
2026-10-02 13:41,0,0,0.0,0.0,0,3,4,6,1860.4,19.64,0
2026-10-02 13:42,0,0,0.0,0.0,0,0,16,33,842.6,19.51,0
2026-10-02 13:43,0,0,0.0,0.0,0,0,0,0,309.4,19.71,0
2026-10-02 13:44,0,0,0.0,0.0,0,0,0,0,884.5,19.68,0
2026-10-02 13:45,0,0,0.0,0.0,0,16,100,185,765.5,19.53,0
2026-10-02 13:46,0,0,0.0,0.0,0,0,286,572,820.8,19.61,0
2026-10-02 13:47,0,0,0.0,0.0,0,81,575,1069,2061.6,19.62,0
2026-10-02 13:48,0,0,0.0,0.0,0,39,1493,2947,2303.6,19.55,0
2026-10-02 13:49,0,0,0.0,0.0,0,655,660,666,2311.0,19.54,0
2026-10-02 13:50,0,0,0.0,0.0,0,54,233,412,1847.2,19.43,0
2026-10-02 13:51,0,0,0.0,0.0,0,8,119,230,2227.8,19.44,0
2026-10-02 13:52,0,0,0.0,0.0,0,179,1511,2843,2240.5,19.43,0
2026-10-02 13:53,0,0,0.0,0.0,0,14,489,964,2274.1,19.39,0
2026-10-02 13:54,0,0,0.0,0.0,0,315,1019,1723,2323.3,19.22,0
2026-10-02 13:55,0,0,0.0,0.0,0,0,1195,2390,2350.0,19.33,0
2026-10-02 13:56,0,0,0.0,0.0,0,523,593,663,1589.0,19.31,0
2026-10-02 13:57,0,0,0.0,0.0,0,8,62,117,402.1,19.21,0
2026-10-02 13:58,0,0,0.0,0.0,0,205,481,757,527.8,19.29,0
2026-10-02 13:59,0,0,0.0,0.0,0,0,302,605,450.5,19.29,0
2026-10-02 14:00,0,0,0.0,0.0,0,0,0,0,402.5,19.27,0
2026-10-02 14:01,0,0,0.0,0.0,0,7,786,1566,402.9,19.3,0
2026-10-02 14:02,0,0,0.0,0.0,0,0,0,0,403.2,19.27,0
2026-10-02 14:03,0,0,0.0,0.0,0,0,0,0,345.5,19.26,0
2026-10-02 14:04,0,0,0.0,0.0,0,0,4,9,255.4,19.25,0
2026-10-02 14:05,0,0,0.0,0.0,0,0,0,0,345.6,19.25,0
2026-10-02 14:06,0,0,0.0,0.0,0,0,0,0,301.4,19.25,0
2026-10-02 14:07,0,0,0.0,0.0,0,0,0,0,282.4,19.23,0
2026-10-02 14:08,0,0,0.0,0.0,0,0,551,1103,430.8,19.22,0
2026-10-02 14:09,0,0,0.0,0.0,0,8,161,314,677.1,19.2,0
2026-10-02 14:10,0,0,0.0,0.0,0,209,536,863,597.8,19.22,0
2026-10-02 14:11,0,0,0.0,0.0,0,116,640,1164,877.8,19.21,0
2026-10-02 14:12,0,0,0.0,0.0,0,32,262,493,1117.7,19.2,0
2026-10-02 14:13,0,0,0.0,0.0,0,0,0,1,450.1,19.18,0
2026-10-02 14:14,0,0,0.0,0.0,0,429,953,1477,359.9,19.18,0
2026-10-02 14:15,0,0,0.0,0.0,0,157,506,856,320.9,19.17,0
2026-10-02 14:16,0,0,0.0,0.0,0,552,862,1172,627.8,19.15,0
2026-10-02 14:17,0,0,0.0,0.0,0,62,462,863,550.2,19.11,0
2026-10-02 14:18,0,0,0.0,0.0,0,184,674,1164,273.1,19.13,0
2026-10-02 14:19,0,0,0.0,0.0,0,40,183,327,294.1,19.11,0
2026-10-02 14:20,0,0,0.0,0.0,0,49,494,939,336.0,19.09,0
2026-10-02 14:21,0,0,0.0,0.0,0,0,804,1608,306.1,19.11,0
2026-10-02 14:22,0,0,0.0,0.0,0,0,24,49,238.8,19.1,0
2026-10-02 14:23,0,0,0.0,0.0,0,0,0,1,401.8,19.09,0
2026-10-02 14:24,0,0,0.0,0.0,0,0,0,0,235.0,19.08,0
2026-10-02 14:25,0,0,0.0,0.0,0,7,18,29,216.7,19,0
2026-10-02 14:26,0,0,0.0,0.0,0,0,110,221,292.4,19.08,0
2026-10-02 14:27,0,0,0.0,0.0,0,57,456,856,213.9,19.09,0
2026-10-02 14:28,0,0,0.0,0.0,0,75,342,610,264.5,19.07,0
2026-10-02 14:29,0,0,0.0,0.0,0,237,550,864,233.1,19.05,0
2026-10-02 14:30,0,0,0.0,0.0,0,57,590,1123,227.9,19.01,0
2026-10-02 14:31,0,0,0.0,0.0,0,653,765,877,278.2,19.04,0
2026-10-02 14:32,0,0,0.0,0.0,0,22,588,1155,268.5,19.02,0
2026-10-02 14:33,0,0,0.0,0.0,0,700,842,984,286.1,18.97,0
2026-10-02 14:34,0,0,0.0,0.0,0,0,0,0,261.4,18.98,0
2026-10-02 14:35,0,0,0.0,0.0,0,1000,1081,1163,183.3,18.99,0
2026-10-02 14:36,0,0,0.0,0.0,0,193,586,980,275.6,18.97,0
2026-10-02 14:37,0,0,0.0,0.0,0,99,220,342,238.0,18.96,0
2026-10-02 14:38,0,0,0.0,0.0,0,57,371,685,226.4,18.95,0
2026-10-02 14:39,0,0,0.0,0.0,0,1,136,272,518.6,18.96,0
2026-10-02 14:40,0,0,0.0,0.0,0,0,0,0,300.1,18.94,0
2026-10-02 14:41,0,0,0.0,0.0,0,159,421,684,347.3,18.93,0
2026-10-02 14:42,0,0,0.0,0.0,0,142,197,252,533.1,18.92,0
2026-10-02 14:43,0,0,0.0,0.0,0,0,428,857,332.4,18.73,0
2026-10-02 14:44,0,0,0.0,0.0,0,522,681,841,526.5,18.89,0
2026-10-02 14:45,0,0,0.0,0.0,0,0,0,0,400.6,18.89,0
2026-10-02 14:46,0,0,0.0,0.0,0,0,0,0,289.1,18.9,0
2026-10-02 14:47,0,0,0.0,0.0,0,0,0,0,474.8,18.9,0
2026-10-02 14:48,0,0,0.0,0.0,0,0,0,0,408.0,18.86,0
2026-10-02 14:49,0,0,0.0,0.0,0,0,3,6,330.7,18.86,0
2026-10-02 14:50,0,0,0.0,0.0,0,0,0,0,348.5,18.86,0
2026-10-02 14:51,0,0,0.0,0.0,0,0,0,0,388.9,18.86,0
2026-10-02 14:52,0,0,0.0,0.0,0,0,0,0,342.4,18.84,0
2026-10-02 14:53,0,0,0.0,0.0,0,0,25,50,406.8,18.83,0
2026-10-02 14:54,0,0,0.0,0.0,0,0,184,368,297.6,18.81,0
2026-10-02 14:55,0,0,0.0,0.0,0,0,25,50,217.2,18.76,0
2026-10-02 14:56,0,0,0.0,0.0,0,0,5,11,239.8,18.82,0
2026-10-02 14:57,0,0,0.0,0.0,0,0,3,6,239.2,18.81,0
2026-10-02 14:58,0,0,0.0,0.0,0,0,0,0,228.0,18.79,0
2026-10-02 14:59,0,0,0.0,0.0,0,0,3,7,278.1,18.78,0
2026-10-02 15:00,0,0,0.0,0.0,0,0,241,482,385.6,18.79,0
2026-10-02 15:01,0,0,0.0,0.0,0,0,0,1,373.8,18.77,0
2026-10-02 15:02,0,0,0.0,0.0,0,0,0,0,387.1,18.76,0
2026-10-02 15:03,0,0,0.0,0.0,0,0,4,8,386.2,18.74,0
2026-10-02 15:04,0,0,0.0,0.0,0,0,413,826,340.4,18.76,0
2026-10-02 15:05,0,0,0.0,0.0,0,0,0,1,310.9,18.75,0
2026-10-02 15:06,0,0,0.0,0.0,0,0,610,1221,199.9,18.73,0
2026-10-02 15:07,0,0,0.0,0.0,0,0,27,55,274.5,18.73,0
2026-10-02 15:08,0,0,0.0,0.0,0,0,0,0,256.1,18.71,0
2026-10-02 15:09,0,0,0.0,0.0,0,0,432,864,265.8,18.71,0
2026-10-02 15:10,0,0,0.0,0.0,0,0,0,0,238.7,18.69,0
2026-10-02 15:11,0,0,0.0,0.0,0,0,3,7,238.2,18.63,0
2026-10-02 15:12,0,0,0.0,0.0,0,0,0,0,230.9,18.74,0
2026-10-02 15:13,0,0,0.0,0.0,0,0,0,0,257.6,18.72,0
2026-10-02 15:14,0,0,0.0,0.0,0,0,36,73,269.7,18.7,0
2026-10-02 15:15,0,0,0.0,0.0,0,0,153,307,290.6,18.69,0
2026-10-02 15:16,0,0,0.0,0.0,0,0,0,1,251.1,18.75,0
2026-10-02 15:17,0,0,0.0,0.0,0,0,120,241,318.6,18.74,0
2026-10-02 15:18,0,0,0.0,0.0,0,0,0,0,309.4,18.72,0
2026-10-02 15:19,0,0,0.0,0.0,0,0,0,0,295.4,18.7,0
2026-10-02 15:20,0,0,0.0,0.0,0,0,155,310,286.5,18.68,0
2026-10-02 15:21,0,0,0.0,0.0,0,0,25,50,255.3,18.68,0
2026-10-02 15:22,0,0,0.0,0.0,0,0,25,50,274.1,18.68,0
2026-10-02 15:23,0,0,0.0,0.0,0,0,140,281,241.8,18.69,0
2026-10-02 15:24,0,0,0.0,0.0,0,0,0,0,216.6,18.68,0
2026-10-02 15:25,0,0,0.0,0.0,0,0,0,0,305.4,19.26,0
2026-10-02 15:26,0,0,0.0,0.0,0,0,0,0,,19.27,0
2026-10-02 15:27,0,0,0.0,0.0,0,0,0,0,173.2,32.45,0
2026-10-02 15:28,0,0,0.0,0.0,0,0,25,50,172.1,32.46,0
2026-10-02 15:29,0,0,0.0,0.0,0,0,0,0,184.7,32.45,0
2026-10-02 15:30,0,0,0.0,0.0,0,0,0,0,259.2,32.44,0
2026-10-02 15:31,0,0,0.0,0.0,0,0,25,50,233.4,32.43,0
2026-10-02 15:32,0,0,0.0,0.0,0,0,0,0,205.8,32.43,0
2026-10-02 15:33,0,0,0.0,0.0,0,0,0,0,224.9,32.42,0
2026-10-02 15:34,0,0,0.0,0.0,0,0,0,0,276.6,32.39,0
2026-10-02 15:35,0,0,0.0,0.0,0,0,3,7,212.7,32.39,0
2026-10-02 15:36,0,0,0.0,0.0,0,0,0,0,200.0,32.38,0
2026-10-02 15:37,0,0,0.0,0.0,0,0,0,1,235.4,32.33,0
2026-10-02 15:38,0,0,0.0,0.0,0,0,25,50,309.3,32.38,0
2026-10-02 15:39,0,0,0.0,0.0,0,0,3,7,331.4,32.37,0
2026-10-02 15:40,0,0,0.0,0.0,0,0,0,0,305.9,32.37,0
2026-10-02 15:41,0,0,0.0,0.0,0,0,0,0,273.0,32.36,0
2026-10-02 15:42,0,0,0.0,0.0,0,1,25,50,228.4,32.34,0
2026-10-02 15:43,0,0,0.0,0.0,0,0,0,0,199.8,32.35,0
2026-10-02 15:44,0,0,0.0,0.0,0,0,0,0,187.1,32.34,0
2026-10-02 15:45,0,0,0.0,0.0,0,0,0,0,238.1,32.32,0
2026-10-02 15:46,0,0,0.0,0.0,0,7,28,50,314.0,32.33,0
2026-10-02 15:47,0,0,0.0,0.0,0,0,0,0,367.6,32.32,0
2026-10-02 15:48,0,0,0.0,0.0,0,0,0,0,364.0,32.31,0
2026-10-02 15:49,0,0,0.0,0.0,0,0,25,50,303.4,32.31,0
2026-10-02 15:50,0,0,0.0,0.0,0,0,0,0,227.8,32.3,0
2026-10-02 15:51,0,0,0.0,0.0,0,0,3,7,282.7,32.29,0
2026-10-02 15:52,0,0,0.0,0.0,0,0,0,0,204.9,32.31,0
2026-10-02 15:53,0,0,0.0,0.0,0,0,0,0,218.9,32.3,0
2026-10-02 15:54,0,0,0.0,0.0,0,0,3,7,190.7,32.23,0
2026-10-02 15:55,0,0,0.0,0.0,0,0,0,0,329.6,32.29,0
2026-10-02 15:56,0,0,0.0,0.0,0,0,24,49,252.9,32.28,0
2026-10-02 15:57,0,0,0.0,0.0,0,0,0,0,288.0,32.29,0
2026-10-02 15:58,0,0,0.0,0.0,0,0,0,0,209.2,32.29,0
2026-10-02 15:59,0,0,0.0,0.0,0,0,0,0,278.9,32.27,0
2026-10-02 16:00,0,0,0.0,0.0,0,1,25,50,389.0,32.28,0
2026-10-02 16:01,0,0,0.0,0.0,0,0,29,58,212.1,32.27,0
2026-10-02 16:02,0,0,0.0,0.0,0,0,0,0,214.3,32.25,0
2026-10-02 16:03,0,0,0.0,0.0,0,0,25,50,208.2,32.26,0
2026-10-02 16:04,0,0,0.0,0.0,0,0,0,0,199.1,32.25,0
2026-10-02 16:05,0,0,0.0,0.0,0,0,0,0,214.7,32.24,0
2026-10-02 16:06,0,0,0.0,0.0,0,0,0,0,235.8,32.25,0
2026-10-02 16:07,0,0,0.0,0.0,0,0,0,0,241.9,32.24,0
2026-10-02 16:08,0,0,0.0,0.0,0,0,0,0,261.1,32.23,0
2026-10-02 16:09,0,0,0.0,0.0,0,0,3,7,273.2,32.22,0
2026-10-02 16:10,0,0,0.0,0.0,0,0,0,0,206.2,32.21,0
2026-10-02 16:11,0,0,0.0,0.0,0,50,50,50,184.2,32.2,0
2026-10-02 16:12,0,0,0.0,0.0,0,0,1,2,220.9,32.18,0
2026-10-02 16:13,0,0,0.0,0.0,0,0,0,0,213.6,32.18,0
2026-10-02 16:14,0,0,0.0,0.0,0,0,25,50,212.6,32.17,0
2026-10-02 16:15,0,0,0.0,0.0,0,0,0,0,224.4,32.17,0
2026-10-02 16:16,0,0,0.0,0.0,0,0,0,0,212.1,32.15,0
2026-10-02 16:17,0,0,0.0,0.0,0,0,0,1,187.2,32.13,0
2026-10-02 16:18,0,0,0.0,0.0,0,0,0,0,232.0,32.14,0
2026-10-02 16:19,0,0,0.0,0.0,0,0,0,0,266.7,32.13,0
2026-10-02 16:20,0,0,0.0,0.0,0,0,0,0,331.2,32.11,0
2026-10-02 16:21,0,0,0.0,0.0,0,0,0,0,287.4,32.11,0
2026-10-02 16:22,0,0,0.0,0.0,0,0,25,50,277.7,32.02,0
2026-10-02 16:23,0,0,0.0,0.0,0,0,0,0,262.1,32.08,0
2026-10-02 16:24,0,0,0.0,0.0,0,0,0,0,209.7,32.07,0
2026-10-02 16:25,0,0,0.0,0.0,0,1,4,7,260.6,32.06,0
2026-10-02 16:26,0,0,0.0,0.0,0,0,25,50,181.9,32.06,0
2026-10-02 16:27,0,0,0.0,0.0,0,0,1,2,198.8,32.06,0
2026-10-02 16:28,0,0,0.0,0.0,0,0,25,50,198.0,32.04,0
2026-10-02 16:29,0,0,0.0,0.0,0,0,0,0,221.4,32.05,0
2026-10-02 16:30,0,0,0.0,0.0,0,0,0,0,245.7,32.04,0
2026-10-02 16:31,0,0,0.0,0.0,0,0,25,50,368.5,32.03,0
2026-10-02 16:32,0,0,0.0,0.0,0,0,0,0,199.4,32.03,0
2026-10-02 16:33,0,0,0.0,0.0,0,0,0,1,212.2,32.02,0
2026-10-02 16:34,0,0,0.0,0.0,0,0,0,0,210.2,31.94,0
2026-10-02 16:35,0,0,0.0,0.0,0,0,0,0,213.8,32.02,0
2026-10-02 16:36,0,0,0.0,0.0,0,0,3,7,191.6,32.01,0
2026-10-02 16:37,0,0,0.0,0.0,0,0,25,50,209.1,31.99,0
2026-10-02 16:38,0,0,0.0,0.0,0,0,0,0,183.4,32,0
2026-10-02 16:39,0,0,0.0,0.0,0,0,0,0,271.6,31.99,0
2026-10-02 16:40,0,0,0.0,0.0,0,0,0,0,232.4,31.98,0
2026-10-02 16:41,0,0,0.0,0.0,0,0,4,8,256.6,31.99,0
2026-10-02 16:42,0,0,0.0,0.0,0,0,0,0,206.4,31.98,0
2026-10-02 16:43,0,0,0.0,0.0,0,0,0,0,178.2,31.97,0
2026-10-02 16:44,0,0,0.0,0.0,0,0,0,0,190.2,31.98,0
2026-10-02 16:45,0,0,0.0,0.0,0,0,0,0,201.1,31.97,0
2026-10-02 16:46,0,0,0.0,0.0,0,0,0,0,188.3,31.96,0
2026-10-02 16:47,0,0,0.0,0.0,0,0,0,0,207.5,31.95,0
2026-10-02 16:48,0,0,0.0,0.0,0,0,0,0,194.2,31.95,0
2026-10-02 16:49,0,0,0.0,0.0,0,0,0,0,190.9,31.94,0
2026-10-02 16:50,0,0,0.0,0.0,0,0,0,0,265.9,31.94,0
2026-10-02 16:51,0,0,0.0,0.0,0,0,25,50,294.4,31.94,0
2026-10-02 16:52,0,0,0.0,0.0,0,0,3,7,229.1,31.93,0
2026-10-02 16:53,0,0,0.0,0.0,0,0,25,50,222.4,31.92,0
2026-10-02 16:54,0,0,0.0,0.0,0,0,0,0,209.7,31.92,0
2026-10-02 16:55,0,0,0.0,0.0,0,0,25,50,220.2,31.91,0
2026-10-02 16:56,0,0,0.0,0.0,0,0,0,0,198.6,31.89,0
2026-10-02 16:57,0,0,0.0,0.0,0,0,25,50,171.7,31.91,0
2026-10-02 16:58,0,0,0.0,0.0,0,0,0,0,204.2,31.9,0
2026-10-02 16:59,0,0,0.0,0.0,0,0,0,1,191.9,31.89,0
2026-10-02 17:00,0,0,0.0,0.0,0,0,0,1,207.6,31.89,0
2026-10-02 17:01,0,0,0.0,0.0,0,0,3,7,207.8,31.88,0
2026-10-02 17:02,0,0,0.0,0.0,0,0,25,50,251.5,31.87,0
2026-10-02 17:03,0,0,0.0,0.0,0,7,28,50,189.7,31.89,0
2026-10-02 17:04,0,0,0.0,0.0,0,0,25,50,222.5,31.88,0
2026-10-02 17:05,0,0,0.0,0.0,0,0,0,0,301.0,31.86,0
2026-10-02 17:06,0,0,0.0,0.0,0,0,3,6,213.6,31.87,0
2026-10-02 17:07,0,0,0.0,0.0,0,0,25,50,189.6,31.86,0
2026-10-02 17:08,0,0,0.0,0.0,0,0,0,0,280.8,31.85,0
2026-10-02 17:09,0,0,0.0,0.0,0,0,0,0,207.8,31.85,0
2026-10-02 17:10,0,0,0.0,0.0,0,0,25,50,252.3,31.84,0
2026-10-02 17:11,0,0,0.0,0.0,0,0,25,50,196.2,31.83,0
2026-10-02 17:12,0,0,0.0,0.0,0,0,25,50,183.6,31.84,0
2026-10-02 17:13,0,0,0.0,0.0,0,0,0,0,179.2,31.83,0
2026-10-02 17:14,0,0,0.0,0.0,0,0,0,0,196.7,31.82,0
2026-10-02 17:15,0,0,0.0,0.0,0,0,0,0,205.7,31.89,0
2026-10-02 17:16,0,0,0.0,0.0,0,0,0,0,231.5,31.88,0
2026-10-02 17:17,0,0,0.0,0.0,0,0,0,0,249.6,31.86,0
2026-10-02 17:18,0,0,0.0,0.0,0,0,3,7,259.4,31.87,0
2026-10-02 17:19,0,0,0.0,0.0,0,0,0,0,259.1,31.86,0
2026-10-02 17:20,0,0,0.0,0.0,0,0,0,0,250.0,31.84,0
2026-10-02 17:21,0,0,0.0,0.0,0,0,3,7,314.8,31.85,0
2026-10-02 17:22,0,0,0.0,0.0,0,0,25,50,191.2,31.84,0
2026-10-02 17:23,0,0,0.0,0.0,0,0,3,7,212.4,31.83,0
2026-10-02 17:24,0,0,0.0,0.0,0,7,7,7,178.1,31.83,0
2026-10-02 17:25,0,0,0.0,0.0,0,0,0,0,181.9,31.83,0
2026-10-02 17:26,0,0,0.0,0.0,0,0,0,0,204.1,31.81,0
2026-10-02 17:27,0,0,0.0,0.0,0,0,0,0,189.2,31.82,0
2026-10-02 17:28,0,0,0.0,0.0,0,0,0,0,226.6,31.81,0
2026-10-02 17:29,0,0,0.0,0.0,0,0,0,0,187.7,31.8,0
2026-10-02 17:30,0,0,0.0,0.0,0,0,0,0,231.6,31.75,0
2026-10-02 17:31,0,0,0.0,0.0,0,0,25,50,214.2,31.8,0
2026-10-02 17:32,0,0,0.0,0.0,0,0,0,0,206.8,31.79,0
2026-10-02 17:33,0,0,0.0,0.0,0,0,25,51,232.6,31.8,0
2026-10-02 17:34,0,0,0.0,0.0,0,0,0,0,193.1,31.78,0
2026-10-02 17:35,0,0,0.0,0.0,0,0,0,0,177.7,31.73,0
2026-10-02 17:36,0,0,0.0,0.0,0,0,0,0,207.2,31.69,0
2026-10-02 17:37,0,0,0.0,0.0,0,0,0,0,204.1,30.29,0
2026-10-02 17:38,0,0,0.0,0.0,0,0,28,56,229.6,30.2,0
2026-10-02 17:39,0,0,0.0,0.0,0,0,25,50,212.3,30.19,0
2026-10-02 17:40,0,0,0.0,0.0,0,0,28,57,201.2,30.18,0
2026-10-02 17:41,0,0,0.0,0.0,0,0,25,50,206.7,30.1,0
2026-10-02 17:42,0,0,0.0,0.0,0,0,0,0,226.2,30.09,0
2026-10-02 17:43,0,0,0.0,0.0,0,0,0,0,193.7,30.07,0
2026-10-02 17:44,0,0,0.0,0.0,0,0,28,57,204.5,29.92,0
2026-10-02 17:45,0,0,0.0,0.0,0,0,0,0,185.6,29.91,0
2026-10-02 17:46,0,0,0.0,0.0,0,0,0,0,188.1,29.9,0
2026-10-02 17:47,0,0,0.0,0.0,0,0,28,57,252.0,29.82,0
2026-10-02 17:48,0,0,0.0,0.0,0,0,1,2,222.9,29.81,0
2026-10-02 17:49,0,0,0.0,0.0,0,0,0,0,192.5,29.8,0
2026-10-02 17:50,0,0,0.0,0.0,0,0,25,50,162.3,29.7,0
2026-10-02 17:51,0,0,0.0,0.0,0,0,3,7,203.5,29.7,0
2026-10-02 17:52,0,0,0.0,0.0,0,0,0,0,234.3,29.68,0
2026-10-02 17:53,0,0,0.0,0.0,0,0,0,0,232.3,29.65,0
2026-10-02 17:54,0,0,0.0,0.0,0,0,3,7,232.6,29.65,0
2026-10-02 17:55,0,0,0.0,0.0,0,0,0,0,235.4,29.46,0
2026-10-02 17:56,0,0,0.0,0.0,0,0,0,0,259.2,29.35,0
2026-10-02 17:57,0,0,0.0,0.0,0,0,0,0,297.4,29.33,0
2026-10-02 17:58,0,0,0.0,0.0,0,0,0,0,300.1,29.25,0
2026-10-02 17:59,0,0,0.0,0.0,0,0,0,0,193.4,29.24,0
2026-10-02 18:00,0,0,0.0,0.0,0,0,0,0,227.2,29.08,0
2026-10-02 18:01,0,0,0.0,0.0,0,0,0,0,205.0,31.56,0
2026-10-02 18:02,0,0,0.0,0.0,0,0,25,50,193.2,31.52,0
2026-10-02 18:03,0,0,0.0,0.0,0,0,25,50,303.6,31.49,0
2026-10-02 18:04,0,0,0.0,0.0,0,0,25,50,281.4,31.62,0
2026-10-02 18:05,0,0,0.0,0.0,0,0,0,0,263.1,31.56,0
2026-10-02 18:06,0,0,0.0,0.0,0,0,0,0,218.1,31.54,0
2026-10-02 18:07,0,0,0.0,0.0,0,0,25,50,230.6,31.4,0
2026-10-02 18:08,0,0,0.0,0.0,0,0,3,7,251.7,31.31,0
2026-10-02 18:09,0,0,0.0,0.0,0,0,0,0,238.4,31.44,0
2026-10-02 18:10,0,0,0.0,0.0,0,0,0,0,210.7,31.34,0
2026-10-02 18:11,0,0,0.0,0.0,0,0,38,77,208.1,31.29,0
2026-10-02 18:12,0,0,0.0,0.0,0,7,59,111,189.6,31.42,0
2026-10-02 18:13,0,0,0.0,0.0,0,0,32,65,173.7,31.44,0
2026-10-02 18:14,0,0,0.0,0.0,0,0,18,37,199.6,31.38,0
2026-10-02 18:15,0,0,0.0,0.0,0,0,211,422,179.2,31.34,0
2026-10-02 18:16,0,0,0.0,0.0,0,228,330,432,194.6,31.4,0
2026-10-02 18:17,0,0,0.0,0.0,0,327,358,389,221.2,31.32,0
2026-10-02 18:18,0,0,0.0,0.0,0,159,437,716,232.1,31.25,0
2026-10-02 18:19,0,0,0.0,0.0,0,0,244,488,233.8,31.44,0
2026-10-02 18:20,0,0,0.0,0.0,0,0,25,50,189.6,31.41,0
2026-10-02 18:21,0,0,0.0,0.0,0,0,0,0,167.8,31.38,0
2026-10-02 18:22,0,0,0.0,0.0,0,0,25,50,175.8,31.61,0
2026-10-02 18:23,0,0,0.0,0.0,0,0,3,7,155.6,31.61,0
2026-10-02 18:24,0,0,0.0,0.0,0,0,0,0,157.6,31.59,0
2026-10-02 18:25,0,0,0.0,0.0,0,0,0,0,166.2,31.59,0
2026-10-02 18:26,0,0,0.0,0.0,0,0,0,0,143.8,31.58,0
2026-10-02 18:27,0,0,0.0,0.0,0,0,25,50,143.8,31.57,0
2026-10-02 18:28,0,0,0.0,0.0,0,0,0,0,162.8,31.51,0
2026-10-02 18:29,0,0,0.0,0.0,0,0,25,50,174.9,31.64,0
2026-10-02 18:30,0,0,0.0,0.0,0,0,0,0,197.4,31.64,0
2026-10-02 18:31,0,0,0.0,0.0,0,0,0,0,195.2,31.63,0
2026-10-02 18:32,0,0,0.0,0.0,0,0,0,0,187.8,31.62,0
2026-10-02 18:33,0,0,0.0,0.0,0,0,25,50,199.4,31.62,0
2026-10-02 18:34,0,0,0.0,0.0,0,7,28,50,193.9,31.61,0
2026-10-02 18:35,0,0,0.0,0.0,0,0,497,995,133.6,31.6,0
2026-10-02 18:36,0,0,0.0,0.0,0,0,0,0,170.2,31.6,0
2026-10-02 18:37,0,0,0.0,0.0,0,0,25,50,220.8,31.59,0
2026-10-02 18:38,0,0,0.0,0.0,0,0,334,669,218.9,31.58,0
2026-10-02 18:39,0,0,0.0,0.0,0,0,0,0,245.4,31.58,0
2026-10-02 18:40,0,0,0.0,0.0,0,32,396,760,261.3,31.59,0
2026-10-02 18:41,0,0,0.0,0.0,0,0,94,189,224.0,31.58,0
2026-10-02 18:42,0,0,0.0,0.0,0,0,0,0,256.6,31.56,0
2026-10-02 18:43,0,0,0.0,0.0,0,0,481,962,271.4,31.58,0
2026-10-02 18:44,0,0,0.0,0.0,0,0,220,441,274.1,31.57,0
2026-10-02 18:45,0,0,0.0,0.0,0,0,0,0,266.5,31.56,0
2026-10-02 18:46,0,0,0.0,0.0,0,188,400,612,300.1,31.55,0
2026-10-02 18:47,0,0,0.0,0.0,0,78,141,205,152.3,31.54,0
2026-10-02 18:48,0,0,0.0,0.0,0,0,164,329,157.9,31.53,0
2026-10-02 18:49,0,0,0.0,0.0,0,0,3,7,152.0,31.53,0
2026-10-02 18:50,0,0,0.0,0.0,0,7,162,318,117.7,31.53,0
2026-10-02 18:51,0,0,0.0,0.0,0,0,287,574,190.2,31.52,0
2026-10-02 18:52,0,0,0.0,0.0,0,264,451,639,133,31.52,0
2026-10-02 18:53,0,0,0.0,0.0,0,0,129,259,136.8,31.51,0
2026-10-02 18:54,0,0,0.0,0.0,0,66,89,112,162.4,31.5,0
2026-10-02 18:55,0,0,0.0,0.0,0,0,39,78,143.9,31.51,0
2026-10-02 18:56,0,0,0.0,0.0,0,0,0,0,155.6,31.5,0
2026-10-02 18:57,0,0,0.0,0.0,0,1,184,367,166.6,31.48,0
2026-10-02 18:58,0,0,0.0,0.0,0,0,0,0,145.7,30.86,0
2026-10-02 18:59,0,0,0.0,0.0,0,0,34,68,137.6,29.17,0
2026-10-02 19:00,0,0,0.0,0.0,0,0,8,17,147.8,27.94,0
2026-10-02 19:01,0,0,0.0,0.0,0,0,26,52,157.1,26.26,0
2026-10-02 19:02,0,0,0.0,0.0,0,0,96,192,202.8,24.89,0
2026-10-02 19:03,0,0,0.0,0.0,0,0,0,0,137.2,23.85,0
2026-10-02 19:04,0,0,0.0,0.0,0,50,54,59,118.8,23.54,0
2026-10-02 19:05,0,0,0.0,0.0,0,0,0,0,136.7,23.57,0
2026-10-02 19:06,0,0,0.0,0.0,0,0,0,0,128.7,23.56,0
2026-10-02 19:07,0,0,0.0,0.0,0,0,0,0,155.2,23.55,0
2026-10-02 19:08,0,0,0.0,0.0,0,8,32,57,164.2,23.56,0
2026-10-02 19:09,0,0,0.0,0.0,0,0,3,6,155.7,23.54,0
2026-10-02 19:10,0,0,0.0,0.0,0,0,0,0,155.4,23.54,0
2026-10-02 19:11,0,0,0.0,0.0,0,0,0,0,148.5,23.53,0
2026-10-02 19:12,0,0,0.0,0.0,0,0,3,7,171.1,23.53,0
2026-10-02 19:13,0,0,0.0,0.0,0,0,29,59,160.9,23.53,0
2026-10-02 19:14,0,0,0.0,0.0,0,0,0,0,147.4,23.51,0
2026-10-02 19:15,0,0,0.0,0.0,0,0,0,0,130.6,23.52,0
2026-10-02 19:16,0,0,0.0,0.0,0,0,0,0,147.3,23.52,0
2026-10-02 19:17,0,0,0.0,0.0,0,0,0,0,181.9,23.5,0
2026-10-02 19:18,0,0,0.0,0.0,0,0,51,103,483.5,23.56,0
2026-10-02 19:19,0,0,0.0,0.0,0,4,7,10,717.4,23.65,0
2026-10-02 19:20,0,0,0.0,0.0,0,0,0,0,1192.2,23.54,0
2026-10-02 19:21,0,0,0.0,0.0,0,0,0,1,2089.8,23.65,0
2026-10-02 19:22,0,0,0.0,0.0,0,7,85,163,2649.4,23.62,0
2026-10-02 19:23,0,0,0.0,0.0,0,42,1873,3704,2819.8,23.56,0
2026-10-02 19:24,0,0,0.0,0.0,0,0,1680,3361,2939.9,23.52,0
2026-10-02 19:25,0,0,0.0,0.0,0,0,297,595,2371.5,23.49,0
2026-10-02 19:26,0,0,0.0,0.0,0,0,0,0,877.0,23.48,0
2026-10-02 19:27,0,0,0.0,0.0,0,0,728,1456,363.4,23.42,0
2026-10-02 19:28,0,0,0.0,0.0,0,0,25,50,2804.2,23.41,0
2026-10-02 19:29,0,0,0.0,0.0,0,0,3317,6635,3500.8,23.38,0
2026-10-02 19:30,0,0,0.0,0.0,0,163,1989,3816,3583.4,23.33,0
2026-10-02 19:31,0,0,0.0,0.0,0,0,1182,2365,2620.8,23.23,0
2026-10-02 19:32,0,0,0.0,0.0,0,777,1711,2646,4643.7,23.2,0
2026-10-02 19:33,0,0,0.0,0.0,0,469,611,753,3540.9,23.14,0
2026-10-02 19:34,0,0,0.0,0.0,0,7,808,1610,4104.8,23.07,0
2026-10-02 19:35,0,0,0.0,0.0,0,0,171,342,3346.3,23.01,0
2026-10-02 19:36,0,0,0.0,0.0,0,24,466,908,3091.7,22.99,0
2026-10-02 19:37,0,0,0.0,0.0,0,0,55,110,3264.8,22.83,0
2026-10-02 19:38,0,0,0.0,0.0,0,0,78,156,3043.8,22.94,0
2026-10-02 19:39,0,0,0.0,0.0,0,5,25,46,3247.6,22.95,0
2026-10-02 19:40,0,0,0.0,0.0,0,11,297,583,2748.8,22.91,0
2026-10-02 19:41,0,0,0.0,0.0,0,0,17,35,3074.3,22.85,0
2026-10-02 19:42,0,0,0.0,0.0,0,129,172,216,3159.8,22.79,0
2026-10-02 19:43,0,0,0.0,0.0,0,0,279,558,2887.4,22.77,0
2026-10-02 19:44,0,0,0.0,0.0,0,0,25,50,3143.1,22.7,0
2026-10-02 19:45,0,0,0.0,0.0,0,0,0,0,3498.2,22.56,0
2026-10-02 19:46,0,0,0.0,0.0,0,0,371,743,3406.3,22.62,0
2026-10-02 19:47,0,0,0.0,0.0,0,0,47,94,3206.1,22.58,0
2026-10-02 19:48,0,0,0.0,0.0,0,338,991,1645,3505.2,22.38,0
2026-10-02 19:49,0,0,0.0,0.0,0,0,0,0,3221.0,22.46,0
2026-10-02 19:50,0,0,0.0,0.0,0,0,461,922,3449.9,22.45,0
2026-10-02 19:51,0,0,0.0,0.0,0,50,418,786,3629.2,22.39,0
2026-10-02 19:52,0,0,0.0,0.0,0,0,0,0,2974.5,22.38,0
2026-10-02 19:53,0,0,0.0,0.0,0,0,419,839,3267.0,22.33,0
2026-10-02 19:54,0,0,0.0,0.0,0,0,0,0,1100.5,22.31,0
2026-10-02 19:55,0,0,0.0,0.0,0,0,0,0,135.1,28.02,0
2026-10-02 19:56,0,0,0.0,0.0,0,0,846,1693,161.7,28,0
2026-10-02 19:57,1500,0,911.1,890.9,3,1565,2682,3799,4326.2,27.88,0
2026-10-02 19:58,3403,0,2757.1,2543.6,5,2488,5068,7649,3198.6,27.99,0
2026-10-02 19:59,2918,0,2948.0,2910.8,6,14485,15001,15517,4631.2,27.91,0
2026-10-02 20:00,2788,0,2584.9,2615.8,6,15121,18205,21289,5281.3,27.85,0
2026-10-02 20:01,2358,0,2504.0,2546.7,6,23167,24230,25294,5664.4,27.72,0
2026-10-02 20:02,2904,0,2995.3,2988.5,6,13420,14161,14902,5658.5,27.59,0
2026-10-02 20:03,2954,0,2971.3,2952.5,6,15033,17896,20760,6492.9,27.49,0
2026-10-02 20:04,3081,0,2738.6,2703.6,6,15457,17007,18558,6242.1,27.22,0
2026-10-02 20:05,2830,0,2772.1,2801.9,6,15722,19354,22986,5798.2,27.31,0
2026-10-02 20:06,2326,0,2487.7,2472.1,6,17386,18768,20150,5690.8,27.16,0
2026-10-02 20:07,2003,0,2102.3,2092.3,5,15043,16467,17891,6021.8,27.1,0
2026-10-02 20:08,2056,0,2226.9,2229.3,5,16130,17276,18422,5597.3,26.97,0
2026-10-02 20:09,1999,0,2521.8,2513.3,5,18276,23415,28554,6703.2,26.86,0
2026-10-02 20:10,2425,0,2549.7,2562.1,5,17584,20077,22571,6720.6,26.71,0
2026-10-02 20:11,2489,0,2391.4,2372.1,5,19436,20140,20845,5998.1,26.52,0
2026-10-02 20:12,2603,0,2358.2,2358.5,5,17866,18224,18583,5838.1,26.49,0
2026-10-02 20:13,3020,0,2487.6,2511.4,5,11514,16128,20742,6229.2,26.46,0
2026-10-02 20:14,2358,0,2413.0,2418.5,5,15586,16596,17607,6628.0,26.35,0
2026-10-02 20:15,2481,0,2019.5,2016.3,5,13189,14601,16013,6354.3,26.11,0
2026-10-02 20:16,2694,0,2241.4,2195.0,5,16061,16621,17182,5835.8,26.04,0
2026-10-02 20:17,2786,0,2802.2,2811.9,5,20587,24294,28002,6789.1,26.04,0
2026-10-02 20:18,2991,0,2454.8,2460.8,5,12498,18920,25342,6506.6,25.96,0
2026-10-02 20:19,3098,0,2338.2,2336.9,5,20387,21215,22043,6525.1,25.86,0
2026-10-02 20:20,2635,0,2463.7,2459.7,5,20070,20551,21032,6689.8,25.55,0
2026-10-02 20:21,2894,0,2571.3,2610.8,5,22148,22636,23125,7063.4,25.25,0
2026-10-02 20:22,2510,0,2662.8,2643.3,5,15340,17742,20145,7141.9,25.38,0
2026-10-02 20:23,3092,0,2273.9,2284.4,5,7884,10921,13958,6338.9,25.39,0
2026-10-02 20:24,2906,0,2196.6,2177.6,5,9373,14391,19409,6046.4,25.22,0
2026-10-02 20:25,2718,0,2687.6,2691.2,5,23013,24792,26572,6405.9,25.02,0
2026-10-02 20:26,3106,0,2646.1,2630.6,5,14031,15773,17516,6435.0,25.04,0
2026-10-02 20:27,3329,0,2490.4,2495.6,5,12720,15448,18176,7004.2,24.93,0
2026-10-02 20:28,2847,0,2454.0,2490.9,5,19989,20463,20938,6508.4,24.69,0
2026-10-02 20:29,3092,0,3010.5,2977.9,5,22017,22969,23922,7369.4,24.69,0
2026-10-02 20:30,2894,0,2716.3,2731.8,5,22734,22780,22826,7278.8,24.51,0
2026-10-02 20:31,3060,0,2135.5,2127.4,5,10512,15523,20534,6496.9,24.42,0
2026-10-02 20:32,3462,0,2654.9,2664.6,5,11936,16025,20114,6830.6,24.16,0
2026-10-02 20:33,3497,0,2905.8,2939.9,5,10044,15244,20444,7655.5,24.21,0
2026-10-02 20:34,2250,0,2358.4,2300.7,5,23215,23346,23478,6713.5,23.83,0
2026-10-02 20:35,3202,0,2062.1,2060.0,5,14045,14458,14871,6342.1,23.97,0
2026-10-02 20:36,2670,0,2146.7,2142.2,5,9259,15559,21860,6553.4,23.84,0
2026-10-02 20:37,3295,0,2114.8,2132.8,5,13032,15379,17726,6606.9,23.67,0
2026-10-02 20:38,2928,0,2390.3,2374.5,5,11442,14914,18386,7201.0,23.43,0
2026-10-02 20:39,2251,0,2550.8,2564.8,5,14350,17215,20080,7156.4,23.33,0
2026-10-02 20:40,3007,0,3013.8,2979.0,5,11643,12174,12705,7634.6,23.34,0
2026-10-02 20:41,3914,0,2848.5,2843.2,6,9254,12531,15809,8058.4,23.03,0
2026-10-02 20:42,2286,0,2322.4,2387.0,6,10799,18396,25993,6817.4,23.03,0
2026-10-02 20:43,3791,0,2434.1,2377.2,6,10494,15955,21417,7566.6,22.79,0
2026-10-02 20:44,3903,0,2599.4,2596.3,6,12074,15595,19116,7341.2,22.82,0
2026-10-02 20:45,3264,0,2990.7,3023.2,6,20588,25509,30431,7816.1,22.66,0
2026-10-02 20:46,2305,0,2876.5,2900.1,6,13024,18784,24545,7984.6,22.5,0
2026-10-02 20:47,3171,0,2514.2,2483.6,6,10575,13836,17098,8274.1,22.37,0
2026-10-02 20:48,2875,0,2393.2,2381.2,6,14910,16108,17307,7616.9,22.18,0
2026-10-02 20:49,3408,0,2805.0,2771.9,6,13438,16895,20352,8026.2,22.06,0
2026-10-02 20:50,3876,0,2966.7,3016.1,6,9844,10939,12034,8295.4,21.93,0
2026-10-02 20:51,3380,0,2809.5,2839.4,6,14696,21209,27723,8959.4,21.73,0
2026-10-02 20:52,3158,0,2282.0,2249.7,6,13019,15954,18890,8378.6,21.49,0
2026-10-02 20:53,3161,0,2501.0,2506.7,6,17582,17818,18054,7339.3,21.22,0
2026-10-02 20:54,4059,0,2948.4,2962.5,6,7157,14971,22785,8716.8,21.28,0
2026-10-02 20:55,2575,0,2867.7,2881.9,6,17929,18747,19565,8365.8,21.13,0
2026-10-02 20:56,2295,0,1822.7,2049.1,6,10348,12742,15137,7917.8,20.92,0
2026-10-02 20:57,0,0,0.0,0.0,0,143,506,870,6896.7,20.84,0
2026-10-02 20:58,0,0,0.0,0.0,0,0,1,2,5248.2,20.65,0
2026-10-02 20:59,0,0,0.0,0.0,0,0,277,555,5705.1,20.67,0
2026-10-02 21:00,0,0,0.0,0.0,0,376,771,1167,4868.5,20.7,0
2026-10-02 21:01,0,0,0.0,0.0,0,0,1,2,1061.6,20.68,0
2026-10-02 21:02,1250,0,604.6,364.5,6,50,50,50,2721.6,20.53,0
2026-10-02 21:03,3508,0,3135.3,3072.0,6,15602,16575,17549,6978.0,24.15,0
2026-10-02 21:04,4428,0,2786.6,2768.8,6,14721,17020,19320,8027.4,24.11,0
2026-10-02 21:05,4008,0,3147.1,3197.2,6,16317,18423,20529,7021.6,23.89,0
2026-10-02 21:06,4392,0,3445.9,3411.4,6,10165,12519,14873,7986.6,23.85,0
2026-10-02 21:07,3066,0,3472.7,3481.5,6,17030,19762,22494,7510.6,23.73,0
2026-10-02 21:08,2994,0,1849.7,1723.9,6,9415,15859,22304,5738.6,23.56,0
2026-10-02 21:09,1554,0,1710.1,1825.4,6,19258,25042,30826,4239.0,23.43,0
2026-10-02 21:10,2350,0,1970.4,2029.8,6,13477,19203,24929,5145.6,23.32,0
2026-10-02 21:11,2772,0,2768.1,2703.9,6,17793,19161,20529,5592.5,23.24,0
2026-10-02 21:12,4317,0,2787.5,2796.7,6,13946,16573,19200,5793.2,23.11,0
2026-10-02 21:13,3326,0,3005.1,2952.9,6,16363,16640,16917,5476.6,22.83,0
2026-10-02 21:14,3024,0,3336.0,3328.9,6,12703,19190,25678,6421.4,23.01,0
2026-10-02 21:15,4386,0,2922.0,2912.1,6,7990,14890,21790,6014.3,22.72,0
2026-10-02 21:16,4560,0,3088.5,3080.7,6,8618,14484,20350,6076.4,22.75,0
2026-10-02 21:17,3669,0,3117.7,3140.5,6,24369,25842,27316,5564.5,22.58,0
2026-10-02 21:18,4076,0,3447.2,3465.8,6,23458,25041,26625,6879.1,22.42,0
2026-10-02 21:19,3899,0,3588.4,3590.7,6,15263,20653,26043,6865.2,22.49,0
2026-10-02 21:20,3967,0,2549.7,2520.7,6,8629,11232,13836,6008.1,22.37,0
2026-10-02 21:21,3876,0,2741.8,2773.1,6,18926,20400,21874,4705.9,22.27,0
2026-10-02 21:22,4202,0,3057.2,3081.9,6,7288,9442,11596,6262.2,22.18,0
2026-10-02 21:23,3815,0,3144.0,3116.8,6,16296,20703,25110,6548.8,21.92,0
2026-10-02 21:24,3460,0,2494.6,2500.6,6,13335,17895,22456,5875.6,21.97,0
2026-10-02 21:25,2620,0,2667.7,2680.3,6,20546,21022,21498,5355.0,21.88,0
2026-10-02 21:26,3402,0,3201.3,3149.7,6,14985,15205,15426,5706.0,21.77,0
2026-10-02 21:27,2923,0,2482.8,2572.0,6,12688,13263,13838,6756.9,21.61,0
2026-10-02 21:28,1047,0,817.8,827.9,6,19901,25016,30131,4332.4,21.57,0
2026-10-02 21:29,1617,0,1400.5,1394.1,6,13182,17527,21872,4223.9,21.46,0
2026-10-02 21:30,1314,0,1564.0,1592.6,6,17201,17208,17215,4306.7,21.4,0
2026-10-02 21:31,1491,0,1940.7,1920.7,5,18077,19871,21666,4548.5,21.32,0
2026-10-02 21:32,1807,0,1789.6,1796.6,5,12764,14369,15974,4882.9,21.21,0
2026-10-02 21:33,858,0,823.2,840.4,5,24490,26289,28089,4057.2,21.1,0
2026-10-02 21:34,1767,0,1546.6,1536.0,5,12242,13742,15242,3807.9,21.06,0
2026-10-02 21:35,196,0,224.7,438.7,5,0,10748,21496,4334.9,20.99,0
2026-10-02 21:36,0,0,0.0,0.0,0,51,249,448,1885.9,20.96,0
2026-10-02 21:37,0,0,0.0,0.0,0,0,0,0,682.3,20.96,0
2026-10-02 21:38,0,0,0.0,0.0,0,0,1,3,378.4,20.94,0
2026-10-02 21:39,0,0,0.0,0.0,0,1,1,2,324.0,20.94,0
2026-10-02 21:40,0,0,0.0,0.0,0,0,25,50,348.9,20.93,0
2026-10-02 21:41,0,0,0.0,0.0,0,0,0,1,333.5,20.93,0
2026-10-02 21:42,0,0,0.0,0.0,0,1,2,3,280.3,20.9,0
2026-10-02 21:43,0,0,0.0,0.0,0,0,1,2,143.8,20.9,0
2026-10-02 21:44,0,0,0.0,0.0,0,5,27,50,117.0,20.89,0
2026-10-02 21:45,0,0,0.0,0.0,0,0,11850,23700,1146.8,20.86,0
2026-10-02 21:46,0,0,0.0,0.0,0,1892,5606,9321,3050.9,20.8,0
2026-10-02 21:47,0,0,0.0,0.0,0,2,3901,7800,2542.1,20.72,0
2026-10-02 21:48,0,0,0.0,0.0,0,1,1,2,128.3,20.79,0
2026-10-02 21:49,0,0,0.0,0.0,0,2,2,3,110.9,20.78,0
2026-10-02 21:50,0,0,0.0,0.0,0,1,1,2,123.6,20.48,0
2026-10-02 21:51,0,0,0.0,0.0,0,1,5,9,142.2,20.77,0
2026-10-02 21:52,0,0,0.0,0.0,0,3,85,168,184.9,20.62,0
2026-10-02 21:53,0,0,0.0,0.0,0,62,124,186,177.5,20.73,0
2026-10-02 21:54,0,0,0.0,0.0,0,2,28,54,142.9,20.71,0
2026-10-02 21:55,0,0,0.0,0.0,0,10,10,11,132.8,20.72,0
2026-10-02 21:56,0,0,0.0,0.0,0,7,8,10,153.3,20.71,0
2026-10-02 21:57,0,0,0.0,0.0,0,2,4,6,143.4,20.7,0
2026-10-02 21:58,0,0,0.0,0.0,0,3,6,9,140.1,20.69,0
2026-10-02 21:59,0,0,0.0,0.0,0,3,11,20,325.9,20.68,0
2026-10-02 22:00,0,0,0.0,0.0,0,6,6,7,253.1,20.68,0
2026-10-02 22:01,0,0,0.0,0.0,0,3,4,6,281.0,20.67,0
2026-10-02 22:02,0,0,0.0,0.0,0,4,2992,5981,1244.3,20.61,0
2026-10-02 22:03,0,0,0.0,0.0,0,1406,1809,2212,3517.3,20.61,0
2026-10-02 22:04,0,0,0.0,0.0,0,2,40,78,4069.4,20.54,0
2026-10-02 22:05,0,0,0.0,0.0,0,9,404,799,3751.6,20.38,0
2026-10-02 22:06,0,0,0.0,0.0,0,890,1890,2891,3987.3,20.41,0
2026-10-02 22:07,0,0,0.0,0.0,0,3371,3500,3630,3983.2,20.33,0
2026-10-02 22:08,0,0,0.0,0.0,0,55,1069,2083,3246.7,20.34,0
2026-10-02 22:09,0,0,0.0,0.0,0,54,319,584,3366.8,20.29,0
2026-10-02 22:10,0,0,0.0,0.0,0,55,558,1061,3468.9,20.15,0
2026-10-02 22:11,0,0,0.0,0.0,0,543,1149,1756,3127.1,20.2,0
2026-10-02 22:12,0,0,0.0,0.0,0,1809,2101,2393,3613.6,19.89,0
2026-10-02 22:13,0,0,0.0,0.0,0,9,10,12,3489.8,20.1,0
2026-10-02 22:14,0,0,0.0,0.0,0,2,336,671,2703.2,20.05,0
2026-10-02 22:15,0,0,0.0,0.0,0,3,288,573,2278.2,19.94,0
2026-10-02 22:16,0,0,0.0,0.0,0,1,27,54,2388.1,19.95,0
2026-10-02 22:17,0,0,0.0,0.0,0,6,28,51,2182.9,19.96,0
2026-10-02 22:18,0,0,0.0,0.0,0,1,26,52,1938.7,19.69,0
2026-10-02 22:19,0,0,0.0,0.0,0,0,0,0,2185.4,19.92,0
2026-10-02 22:20,0,0,0.0,0.0,0,7,256,505,1593.8,19.9,0
2026-10-02 22:21,0,0,0.0,0.0,0,1,576,1151,2338.5,19.84,0
2026-10-02 22:22,0,0,0.0,0.0,0,1,987,1973,3582.0,19.79,0
2026-10-02 22:23,0,0,0.0,0.0,0,13,1307,2601,3433.9,19.6,0
2026-10-02 22:24,0,0,0.0,0.0,0,1,12873,25746,1154.8,19.71,0
2026-10-02 22:25,0,0,0.0,0.0,0,0,1160,2321,1702.5,19.69,0
2026-10-02 22:26,0,0,0.0,0.0,0,,,,,,0
2026-10-02 22:27,0,0,0.0,0.0,0,0,1,3,12.2,19.6,0
2026-10-02 22:28,0,0,0.0,0.0,0,0,0,1,7.8,19.69,0
2026-10-02 22:29,0,0,0.0,0.0,0,2,67,132,3180.7,19.64,0
2026-10-02 22:30,0,0,0.0,0.0,0,130,4915,9701,4639.4,19.52,0
2026-10-02 22:31,0,0,0.0,0.0,0,2,847,1693,2572.4,19.43,0
2026-10-02 22:32,0,0,0.0,0.0,0,2,1369,2737,3520.9,19.25,0
2026-10-02 22:33,0,0,0.0,0.0,0,0,1488,2977,3380.9,19.42,0
2026-10-02 22:34,0,0,0.0,0.0,0,667,1779,2891,2373.7,19.37,0
2026-10-02 22:35,0,0,0.0,0.0,0,0,231,462,926.5,19.35,0
2026-10-02 22:36,0,0,0.0,0.0,0,0,533,1067,1411.4,19.34,0
2026-10-02 22:37,0,0,0.0,0.0,0,6321,18188,30056,2897.3,19.13,0
2026-10-02 22:38,0,0,0.0,0.0,0,0,0,0,1926.0,19.09,0
2026-10-02 22:39,0,0,0.0,0.0,0,389,675,961,1834.7,19.25,0
2026-10-02 22:40,0,0,0.0,0.0,0,0,224,448,1462.9,19.25,0
2026-10-02 22:41,0,0,0.0,0.0,0,0,0,0,1110.7,19.23,0
2026-10-02 22:42,0,0,0.0,0.0,0,0,1445,2890,1939.2,19.19,0
2026-10-02 22:43,0,0,0.0,0.0,0,0,29,59,151.2,19.19,0
2026-10-02 22:44,0,0,0.0,0.0,0,0,1,2,118.6,19.2,0
2026-10-02 22:45,0,0,0.0,0.0,0,6869,11270,15671,2604.4,19.14,0
2026-10-02 22:46,0,0,0.0,0.0,0,8,366,725,2229.1,19.02,0
2026-10-02 22:47,0,0,0.0,0.0,0,0,54,109,1246.8,19.1,0
2026-10-02 22:48,0,0,0.0,0.0,0,0,2002,4005,2338.9,19.04,0
2026-10-02 22:49,0,0,0.0,0.0,0,0,733,1467,2474.0,19.03,0
2026-10-02 22:50,0,0,0.0,0.0,0,2279,6144,10010,2169.0,19.01,0
2026-10-02 22:51,0,0,0.0,0.0,0,0,0,0,2412.6,18.97,0
2026-10-02 22:52,0,0,0.0,0.0,0,2,877,1753,1891.9,18.93,0
2026-10-02 22:53,0,0,0.0,0.0,0,0,0,0,2040.1,18.9,0
2026-10-02 22:54,0,0,0.0,0.0,0,1,1,2,1554.0,18.88,0
2026-10-02 22:55,0,0,0.0,0.0,0,2,1990,3979,2149.3,18.85,0
2026-10-02 22:56,0,0,0.0,0.0,0,0,2142,4284,2187.0,18.81,0
2026-10-02 22:57,0,0,0.0,0.0,0,0,6453,12906,2260.5,18.77,0
2026-10-02 22:58,0,0,0.0,0.0,0,576,5865,11154,1819.9,18.76,0
2026-10-02 22:59,0,0,0.0,0.0,0,0,0,1,2021.0,18.72,0
2026-10-02 23:00,0,0,0.0,0.0,0,0,2219,4438,1837.2,18.68,0
2026-10-02 23:01,0,0,0.0,0.0,0,1,1864,3727,2100.4,18.66,0
2026-10-02 23:02,0,0,0.0,0.0,0,1,4701,9402,1919.8,18.55,0
2026-10-02 23:03,0,0,0.0,0.0,0,2,26,50,2711.6,18.59,0
2026-10-02 23:04,0,0,0.0,0.0,0,0,1957,3915,2779.6,18.54,0
2026-10-02 23:05,0,0,0.0,0.0,0,1212,5327,9442,2604.4,18.4,0
2026-10-02 23:06,0,0,0.0,0.0,0,0,678,1356,2650.4,18.45,0
2026-10-02 23:07,0,0,0.0,0.0,0,420,5547,10674,2480.2,18.4,0
2026-10-02 23:08,0,0,0.0,0.0,0,85,3338,6591,2737.8,18.35,0
2026-10-02 23:09,0,0,0.0,0.0,0,8387,8484,8582,2570.2,18.33,0
2026-10-02 23:10,0,0,0.0,0.0,0,57,2779,5502,2775.4,18.27,0
2026-10-02 23:11,0,0,0.0,0.0,0,7259,10508,13757,2331.7,18.25,0
2026-10-02 23:12,0,0,0.0,0.0,0,6222,6425,6628,2843.5,18.15,0
2026-10-02 23:13,0,0,0.0,0.0,0,4942,8186,11430,2604.9,18.14,0
2026-10-02 23:14,0,0,0.0,0.0,0,0,131,263,3220.1,18.03,0
2026-10-02 23:15,0,0,0.0,0.0,0,0,28,57,2524.4,18.05,0
2026-10-02 23:16,0,0,0.0,0.0,0,0,831,1662,2197.1,18.01,0
2026-10-02 23:17,0,0,0.0,0.0,0,82,127,172,2124.4,17.97,0
2026-10-02 23:18,0,0,0.0,0.0,0,1,9,17,2079.3,17.95,0
2026-10-02 23:19,0,0,0.0,0.0,0,0,3,7,2277.1,17.9,0
2026-10-02 23:20,0,0,0.0,0.0,0,0,1290,2580,2152.0,17.86,0
2026-10-02 23:21,0,0,0.0,0.0,0,0,8,17,2168.2,17.56,0
2026-10-02 23:22,0,0,0.0,0.0,0,0,0,0,2311.2,17.68,0
2026-10-02 23:23,0,0,0.0,0.0,0,256,1946,3637,2323.0,17.77,0
2026-10-02 23:24,0,0,0.0,0.0,0,0,0,0,2235.9,17.54,0
2026-10-02 23:25,0,0,0.0,0.0,0,0,0,0,2223.6,17.7,0
2026-10-02 23:26,0,0,0.0,0.0,0,0,417,834,2215.0,17.66,0
2026-10-02 23:27,0,0,0.0,0.0,0,126,349,573,2394.8,17.62,0
2026-10-02 23:28,0,0,0.0,0.0,0,75,529,983,2294.3,17.58,0
2026-10-02 23:29,0,0,0.0,0.0,0,0,2,4,1951.6,17.26,0
2026-10-02 23:30,0,0,0.0,0.0,0,0,595,1191,2176.6,17.51,0
2026-10-02 23:31,0,0,0.0,0.0,0,1,34,68,2062.5,17.46,0
2026-10-02 23:32,0,0,0.0,0.0,0,0,29,58,1876.3,17.46,0
2026-10-02 23:33,0,0,0.0,0.0,0,0,171,342,2209.3,17.42,0
2026-10-02 23:34,0,0,0.0,0.0,0,0,0,0,1834.1,17.4,0
2026-10-02 23:35,0,0,0.0,0.0,0,0,1655,3310,1812.0,17.37,0
2026-10-02 23:36,0,0,0.0,0.0,0,0,0,0,2018.1,17.34,0
2026-10-02 23:37,0,0,0.0,0.0,0,0,0,0,1720.2,17.32,0
2026-10-02 23:38,0,0,0.0,0.0,0,0,0,0,1686.2,17.26,0
2026-10-02 23:39,0,0,0.0,0.0,0,0,0,0,1644.0,17.25,0
2026-10-02 23:40,0,0,0.0,0.0,0,0,0,0,1705.6,17.23,0
2026-10-02 23:41,0,0,0.0,0.0,0,0,2235,4471,2027.2,17.2,0
2026-10-02 23:42,0,0,0.0,0.0,0,0,26,52,1766.7,17.15,0
2026-10-02 23:43,0,0,0.0,0.0,0,0,0,0,1796.3,17.14,0
2026-10-02 23:44,0,0,0.0,0.0,0,744,3606,6469,1839.4,17.11,0
2026-10-02 23:45,0,0,0.0,0.0,0,0,0,0,1980.6,17.08,0
2026-10-02 23:46,0,0,0.0,0.0,0,0,0,0,1798.2,16.92,0
2026-10-02 23:47,0,0,0.0,0.0,0,7,28,50,1709.3,17.02,0
2026-10-02 23:48,0,0,0.0,0.0,0,0,13,27,1734.2,16.98,0
2026-10-02 23:49,0,0,0.0,0.0,0,0,0,0,1612.6,16.86,0
2026-10-02 23:50,0,0,0.0,0.0,0,0,0,0,1737.2,16.93,0
2026-10-02 23:51,0,0,0.0,0.0,0,3350,3714,4079,1800.9,16.91,0
2026-10-02 23:52,0,0,0.0,0.0,0,0,0,0,1657.2,16.87,0
2026-10-02 23:53,0,0,0.0,0.0,0,0,0,0,1716.7,16.85,0
2026-10-02 23:54,0,0,0.0,0.0,0,0,0,0,1689.8,16.82,0
2026-10-02 23:55,0,0,0.0,0.0,0,7,23,40,1863.1,16.78,0
2026-10-02 23:56,0,0,0.0,0.0,0,0,0,0,1833.5,16.77,0
2026-10-02 23:57,0,0,0.0,0.0,0,0,0,0,1751.2,16.76,0
2026-10-02 23:58,0,0,0.0,0.0,0,0,0,0,1829.2,16.71,0
2026-10-02 23:59,0,0,0.0,0.0,0,0,0,0,1691.3,16.7,0
2026-10-03 00:00,0,0,0.0,0.0,0,0,0,0,1563.7,16.67,0
