submit_utc,phase,storm_feerate_sompi_g,tier_x_min_feerate,probe_feerate_sompi_g,tier_vs_storm_fee,mass,ok,accepted,inclusion_s,mempool_at_cycle
2026-09-25 19:48:41,P1-overload,120,1,100,0.83,1690,True,True,6.003,68234
2026-09-25 19:48:41,P1-overload,120,1.2,120,1.0,1690,True,True,6.002,68234
2026-09-25 19:48:41,P1-overload,120,10,1000,8.33,1690,True,True,0.961,68234
2026-09-25 19:48:41,P1-overload,120,5,500,4.17,1690,True,True,0.961,68234
2026-09-25 19:48:41,P1-overload,120,2,200,1.67,1690,True,True,2.973,68234
2026-09-25 19:48:41,P1-overload,120,100,10000,83.33,1690,True,True,0.959,68234
2026-09-25 19:49:11,P1-overload,120,2,200,1.67,1690,True,True,2.247,69001
2026-09-25 19:49:11,P1-overload,120,5,500,4.17,1690,True,True,1.24,69001
2026-09-25 19:49:11,P1-overload,120,1.2,120,1.0,1690,True,True,7.302,69001
2026-09-25 19:49:11,P1-overload,120,1,100,0.83,1690,True,True,5.272,69001
2026-09-25 19:49:11,P1-overload,120,10,1000,8.33,1690,True,True,1.238,69001
2026-09-25 19:49:11,P1-overload,120,100,10000,83.33,1690,True,True,1.238,69001
2026-09-25 19:49:41,P1-overload,120,10,1000,8.33,1690,True,True,1.446,60320
2026-09-25 19:49:41,P1-overload,120,5,500,4.17,1690,True,True,1.446,60320
2026-09-25 19:49:41,P1-overload,120,2,200,1.67,1690,True,True,3.466,60320
2026-09-25 19:49:41,P1-overload,120,1.2,120,1.0,1690,True,True,4.475,60320
2026-09-25 19:49:41,P1-overload,120,100,10000,83.33,1690,True,True,1.444,60320
2026-09-25 19:49:41,P1-overload,120,1,100,0.83,1690,True,True,2.456,60320
2026-09-25 19:50:11,P1-overload,120,1,100,0.83,1690,True,True,6.668,67550
2026-09-25 19:50:11,P1-overload,120,2,200,1.67,1690,True,True,3.648,67550
2026-09-25 19:50:11,P1-overload,120,10,1000,8.33,1690,True,True,1.636,67550
2026-09-25 19:50:11,P1-overload,120,1.2,120,1.0,1690,True,True,1.636,67550
2026-09-25 19:50:11,P1-overload,120,5,500,4.17,1690,True,True,1.635,67550
2026-09-25 19:50:11,P1-overload,120,100,10000,83.33,1690,True,True,1.635,67550
2026-09-25 19:50:41,P1-overload,120,10,1000,8.33,1690,True,True,0.823,39146
2026-09-25 19:50:41,P1-overload,120,5,500,4.17,1690,True,True,0.822,39146
2026-09-25 19:50:41,P1-overload,120,2,200,1.67,1690,True,True,2.843,39146
2026-09-25 19:50:41,P1-overload,120,1.2,120,1.0,1690,True,True,2.843,39146
2026-09-25 19:50:41,P1-overload,120,100,10000,83.33,1690,True,True,0.82,39146
2026-09-25 19:50:41,P1-overload,120,1,100,0.83,1690,True,True,3.851,39146
2026-09-25 19:51:11,P1-overload,120,1,100,0.83,1690,True,True,2.064,43308
2026-09-25 19:51:11,P1-overload,120,10,1000,8.33,1690,True,True,1.055,43308
2026-09-25 19:51:11,P1-overload,120,2,200,1.67,1690,True,True,3.069,43308
2026-09-25 19:51:11,P1-overload,120,5,500,4.17,1690,True,True,1.053,43308
2026-09-25 19:51:11,P1-overload,120,1.2,120,1.0,1690,True,True,3.066,43308
2026-09-25 19:51:11,P1-overload,120,100,10000,83.33,1690,True,True,1.052,43308
2026-09-25 19:51:41,P1-overload,120,1,100,0.83,1690,True,True,3.261,45274
2026-09-25 19:51:41,P1-overload,120,100,10000,83.33,1690,True,True,1.248,45274
2026-09-25 19:51:41,P1-overload,120,1.2,120,1.0,1690,True,True,2.253,45274
2026-09-25 19:51:41,P1-overload,120,2,200,1.67,1690,True,True,2.253,45274
2026-09-25 19:51:41,P1-overload,120,5,500,4.17,1690,True,True,1.247,45274
2026-09-25 19:51:41,P1-overload,120,10,1000,8.33,1690,True,True,1.247,45274
2026-09-25 19:52:11,P1-overload,120,100,10000,83.33,1690,True,True,1.437,61910
2026-09-25 19:52:11,P1-overload,120,2,200,1.67,1690,True,True,6.47,61910
2026-09-25 19:52:11,P1-overload,120,1,100,0.83,1690,True,True,5.46,61910
2026-09-25 19:52:11,P1-overload,120,10,1000,8.33,1690,True,True,1.435,61910
2026-09-25 19:52:11,P1-overload,120,1.2,120,1.0,1690,True,True,15.514,61910
2026-09-25 19:52:11,P1-overload,120,5,500,4.17,1690,True,True,1.434,61910
2026-09-25 19:52:41,P1-overload,120,1.2,120,1.0,1690,True,True,12.751,62476
2026-09-25 19:52:41,P1-overload,120,1,100,0.83,1690,True,True,105.41,62476
2026-09-25 19:52:41,P1-overload,120,5,500,4.17,1690,True,True,1.607,62476
2026-09-25 19:52:41,P1-overload,120,10,1000,8.33,1690,True,True,1.606,62476
2026-09-25 19:52:41,P1-overload,120,2,200,1.67,1690,True,True,11.744,62476
2026-09-25 19:52:41,P1-overload,120,100,10000,83.33,1690,True,True,1.606,62476
2026-09-25 19:53:11,P1-overload,120,2,200,1.67,1690,True,True,33.164,67667
2026-09-25 19:53:11,P1-overload,120,5,500,4.17,1690,True,True,1.883,67667
2026-09-25 19:53:11,P1-overload,120,100,10000,83.33,1690,True,True,1.883,67667
2026-09-25 19:53:11,P1-overload,120,1.2,120,1.0,1690,True,True,3.892,67667
2026-09-25 19:53:11,P1-overload,120,1,100,0.83,1690,True,True,67.358,67667
2026-09-25 19:53:11,P1-overload,120,10,1000,8.33,1690,True,True,1.878,67667
2026-09-25 19:53:41,P1-overload,120,5,500,4.17,1690,True,True,1.153,51432
2026-09-25 19:53:41,P1-overload,120,10,1000,8.33,1690,True,True,1.153,51432
2026-09-25 19:53:41,P1-overload,120,2,200,1.67,1690,True,True,2.158,51432
2026-09-25 19:53:41,P1-overload,120,100,10000,83.33,1690,True,True,1.152,51432
2026-09-25 19:53:41,P1-overload,120,1.2,120,1.0,1690,True,True,2.157,51432
2026-09-25 19:53:41,P1-overload,120,1,100,0.83,1690,True,True,2.157,51432
2026-09-25 19:54:11,P1-overload,120,1,100,0.83,1690,True,True,4.344,48316
2026-09-25 19:54:11,P1-overload,120,1.2,120,1.0,1690,True,True,3.338,48316
2026-09-25 19:54:11,P1-overload,120,10,1000,8.33,1690,True,True,2.327,48316
2026-09-25 19:54:11,P1-overload,120,2,200,1.67,1690,True,True,3.337,48316
2026-09-25 19:54:11,P1-overload,120,5,500,4.17,1690,True,True,2.326,48316
2026-09-25 19:54:11,P1-overload,120,100,10000,83.33,1690,True,True,2.326,48316
2026-09-25 19:54:41,P1-overload,120,100,10000,83.33,1690,True,True,1.519,63944
2026-09-25 19:54:41,P1-overload,120,5,500,4.17,1690,True,True,2.524,63944
2026-09-25 19:54:41,P1-overload,120,1,100,0.83,1690,True,True,24.659,63944
2026-09-25 19:54:41,P1-overload,120,1.2,120,1.0,1690,True,True,92.091,63944
2026-09-25 19:54:41,P1-overload,120,10,1000,8.33,1690,True,True,1.516,63944
2026-09-25 19:54:41,P1-overload,120,2,200,1.67,1690,True,True,6.546,63944
2026-09-25 19:55:11,P1-overload,120,10,1000,8.33,1690,True,True,1.704,90573
2026-09-25 19:55:11,P1-overload,120,1,100,0.83,1690,True,True,12.785,90573
2026-09-25 19:55:11,P1-overload,120,100,10000,83.33,1690,True,True,1.703,90573
2026-09-25 19:55:11,P1-overload,120,5,500,4.17,1690,True,True,1.703,90573
2026-09-25 19:55:11,P1-overload,120,1.2,120,1.0,1690,True,True,14.796,90573
2026-09-25 19:55:11,P1-overload,120,2,200,1.67,1690,True,True,9.752,90573
2026-09-25 19:55:41,P1-overload,120,1,100,0.83,1690,True,True,3.916,78346
2026-09-25 19:55:41,P1-overload,120,1.2,120,1.0,1690,True,True,6.93,78346
2026-09-25 19:55:41,P1-overload,120,100,10000,83.33,1690,True,True,1.903,78346
2026-09-25 19:55:41,P1-overload,120,5,500,4.17,1690,True,True,1.902,78346
2026-09-25 19:55:41,P1-overload,120,10,1000,8.33,1690,True,True,1.902,78346
2026-09-25 19:55:41,P1-overload,120,2,200,1.67,1690,True,True,1.901,78346
2026-09-25 19:56:11,P1-overload,120,5,500,4.17,1690,True,True,2.089,55737
2026-09-25 19:56:11,P1-overload,120,10,1000,8.33,1690,True,True,1.073,55737
2026-09-25 19:56:11,P1-overload,120,2,200,1.67,1690,True,True,2.088,55737
2026-09-25 19:56:11,P1-overload,120,1.2,120,1.0,1690,True,True,3.097,55737
2026-09-25 19:56:11,P1-overload,120,1,100,0.83,1690,True,True,4.099,55737
2026-09-25 19:56:11,P1-overload,120,100,10000,83.33,1690,True,True,1.072,55737
2026-09-25 19:56:41,P1-overload,120,1.2,120,1.0,1690,True,True,2.302,51246
2026-09-25 19:56:41,P1-overload,120,1,100,0.83,1690,True,True,2.302,51246
2026-09-25 19:56:41,P1-overload,120,5,500,4.17,1690,True,True,1.298,51246
2026-09-25 19:56:41,P1-overload,120,100,10000,83.33,1690,True,True,1.298,51246
2026-09-25 19:56:41,P1-overload,120,10,1000,8.33,1690,True,True,1.297,51246
2026-09-25 19:56:41,P1-overload,120,2,200,1.67,1690,True,True,2.3,51246
2026-09-25 19:57:11,P1-overload,120,1,100,0.83,1690,True,True,12.506,87974
2026-09-25 19:57:11,P1-overload,120,2,200,1.67,1690,True,True,13.513,87974
2026-09-25 19:57:11,P1-overload,120,10,1000,8.33,1690,True,True,1.43,87974
2026-09-25 19:57:11,P1-overload,120,1.2,120,1.0,1690,True,True,10.488,87974
2026-09-25 19:57:11,P1-overload,120,5,500,4.17,1690,True,True,3.434,87974
2026-09-25 19:57:11,P1-overload,120,100,10000,83.33,1690,True,True,1.428,87974
2026-09-25 19:57:41,P1-overload,120,5,500,4.17,1690,True,True,2.594,81727
2026-09-25 19:57:41,P1-overload,120,1.2,120,1.0,1690,True,True,75.996,81727
2026-09-25 19:57:41,P1-overload,120,100,10000,83.33,1690,True,True,1.586,81727
2026-09-25 19:57:41,P1-overload,120,1,100,0.83,1690,True,True,5.643,81727
2026-09-25 19:57:41,P1-overload,120,10,1000,8.33,1690,True,True,1.585,81727
2026-09-25 19:57:41,P1-overload,120,2,200,1.67,1690,True,True,5.642,81727
2026-09-25 19:58:11,P1-overload,120,1,100,0.83,1690,True,True,70.122,63653
2026-09-25 19:58:11,P1-overload,120,100,10000,83.33,1690,True,True,0.771,63653
2026-09-25 19:58:11,P1-overload,120,1.2,120,1.0,1690,True,True,17.876,63653
2026-09-25 19:58:11,P1-overload,120,10,1000,8.33,1690,True,True,0.77,63653
2026-09-25 19:58:11,P1-overload,120,5,500,4.17,1690,True,True,3.778,63653
2026-09-25 19:58:11,P1-overload,120,2,200,1.67,1690,True,True,11.81,63653
2026-09-25 19:58:41,P1-overload,120,2,200,1.67,1690,True,True,0.934,73473
2026-09-25 19:58:41,P1-overload,120,1,100,0.83,1690,True,True,35.084,73473
2026-09-25 19:58:41,P1-overload,120,10,1000,8.33,1690,True,True,0.933,73473
2026-09-25 19:58:41,P1-overload,120,100,10000,83.33,1690,True,True,0.932,73473
2026-09-25 19:58:41,P1-overload,120,1.2,120,1.0,1690,True,True,43.139,73473
2026-09-25 19:58:41,P1-overload,120,5,500,4.17,1690,True,True,1.936,73473
2026-09-25 19:59:11,P1-overload,120,100,10000,83.33,1690,True,True,1.068,98041
2026-09-25 19:59:11,P1-overload,120,5,500,4.17,1690,True,True,1.067,98041
2026-09-25 19:59:11,P1-overload,120,2,200,1.67,1690,True,True,5.083,98041
2026-09-25 19:59:11,P1-overload,120,1.2,120,1.0,1690,True,True,5.082,98041
2026-09-25 19:59:11,P1-overload,120,10,1000,8.33,1690,True,True,1.066,98041
2026-09-25 19:59:11,P1-overload,120,1,100,0.83,1690,True,True,44.324,98041
2026-09-25 19:59:41,P1-overload,120,10,1000,8.33,1690,True,True,1.214,46730
2026-09-25 19:59:41,P1-overload,120,5,500,4.17,1690,True,True,1.213,46730
2026-09-25 19:59:41,P1-overload,120,100,10000,83.33,1690,True,True,1.213,46730
2026-09-25 19:59:41,P1-overload,120,2,200,1.67,1690,True,True,11.306,46730
2026-09-25 19:59:41,P1-overload,120,1.2,120,1.0,1690,True,True,12.31,46730
2026-09-25 19:59:41,P1-overload,120,1,100,0.83,1690,True,True,20.36,46730
2026-09-25 20:00:11,P1-overload,120,5,500,4.17,1690,True,True,1.408,98966
2026-09-25 20:00:11,P1-overload,120,1.2,120,1.0,1690,True,True,9.45,98966
2026-09-25 20:00:11,P1-overload,120,100,10000,83.33,1690,True,True,0.405,98966
2026-09-25 20:00:11,P1-overload,120,2,200,1.67,1690,True,True,6.427,98966
2026-09-25 20:00:11,P1-overload,120,10,1000,8.33,1690,True,True,1.406,98966
2026-09-25 20:00:11,P1-overload,120,1,100,0.83,1690,True,True,16.504,98966
2026-09-25 20:00:41,P1-overload,120,10,1000,8.33,1690,True,True,0.556,92304
2026-09-25 20:00:41,P1-overload,120,1,100,0.83,1690,True,True,29.717,92304
2026-09-25 20:00:41,P1-overload,120,100,10000,83.33,1690,True,True,0.555,92304
2026-09-25 20:00:41,P1-overload,120,1.2,120,1.0,1690,True,True,8.618,92304
2026-09-25 20:00:41,P1-overload,120,2,200,1.67,1690,True,True,3.575,92304
2026-09-25 20:00:41,P1-overload,120,5,500,4.17,1690,True,True,2.567,92304
2026-09-25 20:01:11,P1-overload,120,1.2,120,1.0,1690,True,True,22.221,42006
2026-09-25 20:01:11,P1-overload,120,10,1000,8.33,1690,True,True,0.724,42006
2026-09-25 20:01:11,P1-overload,120,1,100,0.83,1690,True,True,0.724,42006
2026-09-25 20:01:11,P1-overload,120,2,200,1.67,1690,True,True,0.723,42006
2026-09-25 20:01:11,P1-overload,120,100,10000,83.33,1690,True,True,0.723,42006
2026-09-25 20:01:11,P1-overload,120,5,500,4.17,1690,True,True,0.722,42006
2026-09-25 20:01:41,P1-overload,120,5,500,4.17,1690,True,True,2.266,63273
2026-09-25 20:01:41,P1-overload,120,1,100,0.83,1690,True,True,8.286,63273
2026-09-25 20:01:41,P1-overload,120,1.2,120,1.0,1690,True,True,11.31,63273
2026-09-25 20:01:41,P1-overload,120,10,1000,8.33,1690,True,True,1.262,63273
2026-09-25 20:01:41,P1-overload,120,2,200,1.67,1690,True,True,6.273,63273
2026-09-25 20:01:41,P1-overload,120,100,10000,83.33,1690,True,True,1.261,63273
2026-09-25 20:02:11,P1-overload,120,5,500,4.17,1690,True,True,0.457,72467
2026-09-25 20:02:11,P1-overload,120,2,200,1.67,1690,True,True,3.474,72467
2026-09-25 20:02:11,P1-overload,120,10,1000,8.33,1690,True,True,0.457,72467
2026-09-25 20:02:11,P1-overload,120,1.2,120,1.0,1690,True,True,17.541,72467
2026-09-25 20:02:11,P1-overload,120,1,100,0.83,1690,True,True,29.6,72467
2026-09-25 20:02:11,P1-overload,120,100,10000,83.33,1690,True,True,0.455,72467
2026-09-25 20:02:41,P1-overload,120,1.2,120,1.0,1690,True,True,4.65,69372
2026-09-25 20:02:41,P1-overload,120,1,100,0.83,1690,True,True,22.749,69372
2026-09-25 20:02:41,P1-overload,120,5,500,4.17,1690,True,True,0.622,69372
2026-09-25 20:02:41,P1-overload,120,10,1000,8.33,1690,True,True,0.62,69372
2026-09-25 20:02:41,P1-overload,120,100,10000,83.33,1690,True,True,0.619,69372
2026-09-25 20:02:41,P1-overload,120,2,200,1.67,1690,True,True,1.626,69372
2026-09-25 20:03:11,P1-overload,120,1,100,0.83,1690,True,True,3.808,48913
2026-09-25 20:03:11,P1-overload,120,1.2,120,1.0,1690,True,True,2.801,48913
2026-09-25 20:03:11,P1-overload,120,100,10000,83.33,1690,True,True,0.79,48913
2026-09-25 20:03:11,P1-overload,120,2,200,1.67,1690,True,True,1.796,48913
2026-09-25 20:03:11,P1-overload,120,10,1000,8.33,1690,True,True,0.788,48913
2026-09-25 20:03:11,P1-overload,120,5,500,4.17,1690,True,True,0.788,48913
2026-09-25 20:03:41,P1-overload,120,1,100,0.83,1690,True,True,25.088,78073
2026-09-25 20:03:41,P1-overload,120,1.2,120,1.0,1690,True,True,13.02,78073
2026-09-25 20:03:41,P1-overload,120,2,200,1.67,1690,True,True,4.974,78073
2026-09-25 20:03:41,P1-overload,120,10,1000,8.33,1690,True,True,0.954,78073
2026-09-25 20:03:41,P1-overload,120,5,500,4.17,1690,True,True,1.958,78073
2026-09-25 20:03:41,P1-overload,120,100,10000,83.33,1690,True,True,0.953,78073
2026-09-25 20:04:11,P1-overload,120,1.2,120,1.0,1690,True,True,12.225,64734
2026-09-25 20:04:11,P1-overload,120,10,1000,8.33,1690,True,True,1.142,64734
2026-09-25 20:04:11,P1-overload,120,100,10000,83.33,1690,True,True,1.142,64734
2026-09-25 20:04:11,P1-overload,120,5,500,4.17,1690,True,True,1.141,64734
2026-09-25 20:04:11,P1-overload,120,1,100,0.83,1690,True,True,35.374,64734
2026-09-25 20:04:11,P1-overload,120,2,200,1.67,1690,True,True,2.156,64734
2026-09-25 20:04:41,P1-overload,120,5,500,4.17,1690,True,True,1.347,54427
2026-09-25 20:04:41,P1-overload,120,1,100,0.83,1690,True,True,14.416,54427
2026-09-25 20:04:41,P1-overload,120,2,200,1.67,1690,True,True,2.355,54427
2026-09-25 20:04:41,P1-overload,120,1.2,120,1.0,1690,True,True,5.375,54427
2026-09-25 20:04:41,P1-overload,120,10,1000,8.33,1690,True,True,1.345,54427
2026-09-25 20:04:41,P1-overload,120,100,10000,83.33,1690,True,True,1.344,54427
2026-09-25 20:05:11,P1-overload,120,5,500,4.17,1690,True,True,0.514,50820
2026-09-25 20:05:11,P1-overload,120,2,200,1.67,1690,True,True,2.524,50820
2026-09-25 20:05:11,P1-overload,120,1.2,120,1.0,1690,True,True,2.523,50820
2026-09-25 20:05:11,P1-overload,120,100,10000,83.33,1690,True,True,0.513,50820
2026-09-25 20:05:11,P1-overload,120,10,1000,8.33,1690,True,True,0.512,50820
2026-09-25 20:05:11,P1-overload,120,1,100,0.83,1690,True,True,5.542,50820
2026-09-25 20:05:41,P1-overload,120,10,1000,8.33,1690,True,True,0.686,66776
2026-09-25 20:05:41,P1-overload,120,1,100,0.83,1690,True,True,1.69,66776
2026-09-25 20:05:41,P1-overload,120,1.2,120,1.0,1690,True,True,7.729,66776
2026-09-25 20:05:41,P1-overload,120,5,500,4.17,1690,True,True,0.684,66776
2026-09-25 20:05:41,P1-overload,120,2,200,1.67,1690,True,True,3.698,66776
2026-09-25 20:05:41,P1-overload,120,100,10000,83.33,1690,True,True,0.683,66776
2026-09-25 20:06:11,P1-overload,120,5,500,4.17,1690,True,True,0.858,54786
2026-09-25 20:06:11,P1-overload,120,1.2,120,1.0,1690,True,True,2.879,54786
2026-09-25 20:06:11,P1-overload,120,100,10000,83.33,1690,True,True,0.857,54786
2026-09-25 20:06:11,P1-overload,120,2,200,1.67,1690,True,True,1.867,54786
2026-09-25 20:06:11,P1-overload,120,1,100,0.83,1690,True,True,3.886,54786
2026-09-25 20:06:11,P1-overload,120,10,1000,8.33,1690,True,True,0.856,54786
2026-09-25 20:06:41,P1-overload,120,1.2,120,1.0,1690,True,True,4.085,78312
2026-09-25 20:06:41,P1-overload,120,1,100,0.83,1690,True,True,4.085,78312
2026-09-25 20:06:41,P1-overload,120,10,1000,8.33,1690,True,True,1.063,78312
2026-09-25 20:06:41,P1-overload,120,5,500,4.17,1690,True,True,1.063,78312
2026-09-25 20:06:41,P1-overload,120,100,10000,83.33,1690,True,True,1.062,78312
2026-09-25 20:06:41,P1-overload,120,2,200,1.67,1690,True,True,2.067,78312
2026-09-25 20:07:11,P1-overload,120,1.2,120,1.0,1690,True,True,7.307,81227
2026-09-25 20:07:11,P1-overload,120,10,1000,8.33,1690,True,True,1.242,81227
2026-09-25 20:07:11,P1-overload,120,5,500,4.17,1690,True,True,1.242,81227
2026-09-25 20:07:11,P1-overload,120,1,100,0.83,1690,True,True,5.292,81227
2026-09-25 20:07:11,P1-overload,120,2,200,1.67,1690,True,True,4.274,81227
2026-09-25 20:07:11,P1-overload,120,100,10000,83.33,1690,True,True,1.241,81227
2026-09-25 20:07:41,P1-overload,120,5,500,4.17,1690,True,True,1.456,67016
2026-09-25 20:07:41,P1-overload,120,1,100,0.83,1690,True,True,3.466,67016
2026-09-25 20:07:41,P1-overload,120,2,200,1.67,1690,True,True,2.461,67016
2026-09-25 20:07:41,P1-overload,120,10,1000,8.33,1690,True,True,1.454,67016
2026-09-25 20:07:41,P1-overload,120,100,10000,83.33,1690,True,True,1.454,67016
2026-09-25 20:07:41,P1-overload,120,1.2,120,1.0,1690,True,True,5.472,67016
2026-09-25 20:08:11,P1-overload,120,2,200,1.67,1690,True,True,2.677,69286
2026-09-25 20:08:11,P1-overload,120,1,100,0.83,1690,True,True,12.747,69286
2026-09-25 20:08:11,P1-overload,120,1.2,120,1.0,1690,True,True,4.691,69286
2026-09-25 20:08:11,P1-overload,120,10,1000,8.33,1690,True,True,1.663,69286
2026-09-25 20:08:11,P1-overload,120,5,500,4.17,1690,True,True,1.662,69286
2026-09-25 20:08:11,P1-overload,120,100,10000,83.33,1690,True,True,1.662,69286
2026-09-25 20:08:41,P1-overload,120,1.2,120,1.0,1690,True,True,4.9,61091
2026-09-25 20:08:41,P1-overload,120,1,100,0.83,1690,True,True,4.899,61091
2026-09-25 20:08:41,P1-overload,120,100,10000,83.33,1690,True,True,0.867,61091
2026-09-25 20:08:41,P1-overload,120,5,500,4.17,1690,True,True,1.872,61091
2026-09-25 20:08:41,P1-overload,120,2,200,1.67,1690,True,True,0.866,61091
2026-09-25 20:08:41,P1-overload,120,10,1000,8.33,1690,True,True,0.865,61091
2026-09-25 20:09:11,P1-overload,120,1.2,120,1.0,1690,True,True,22.194,53179
2026-09-25 20:09:11,P1-overload,120,2,200,1.67,1690,True,True,2.068,53179
2026-09-25 20:09:11,P1-overload,120,1,100,0.83,1690,True,True,12.12,53179
2026-09-25 20:09:11,P1-overload,120,10,1000,8.33,1690,True,True,1.061,53179
2026-09-25 20:09:11,P1-overload,120,100,10000,83.33,1690,True,True,1.06,53179
2026-09-25 20:09:11,P1-overload,120,5,500,4.17,1690,True,True,1.06,53179
2026-09-25 20:09:41,P1-overload,120,1.2,120,1.0,1690,True,True,2.271,53678
2026-09-25 20:09:41,P1-overload,120,100,10000,83.33,1690,True,True,1.263,53678
2026-09-25 20:09:41,P1-overload,120,5,500,4.17,1690,True,True,1.263,53678
2026-09-25 20:09:41,P1-overload,120,1,100,0.83,1690,True,True,8.317,53678
2026-09-25 20:09:41,P1-overload,120,2,200,1.67,1690,True,True,2.27,53678
2026-09-25 20:09:41,P1-overload,120,10,1000,8.33,1690,True,True,1.261,53678
2026-09-25 20:10:11,P1-overload,120,1.2,120,1.0,1690,True,True,2.486,43492
2026-09-25 20:10:11,P1-overload,120,1,100,0.83,1690,True,True,5.504,43492
2026-09-25 20:10:11,P1-overload,120,5,500,4.17,1690,True,True,1.476,43492
2026-09-25 20:10:11,P1-overload,120,10,1000,8.33,1690,True,True,1.476,43492
2026-09-25 20:10:11,P1-overload,120,100,10000,83.33,1690,True,True,1.475,43492
2026-09-25 20:10:11,P1-overload,120,2,200,1.67,1690,True,True,2.482,43492
2026-09-25 20:10:41,P1-overload,120,10,1000,8.33,1690,True,True,0.638,70750
2026-09-25 20:10:41,P1-overload,120,100,10000,83.33,1690,True,True,0.637,70750
2026-09-25 20:10:41,P1-overload,120,5,500,4.17,1690,True,True,0.637,70750
2026-09-25 20:10:41,P1-overload,120,2,200,1.67,1690,True,True,3.652,70750
2026-09-25 20:10:41,P1-overload,120,1.2,120,1.0,1690,True,True,15.72,70750
2026-09-25 20:10:41,P1-overload,120,1,100,0.83,1690,True,True,9.687,70750
2026-09-25 20:11:11,P1-overload,120,2,200,1.67,1690,True,True,1.83,50963
2026-09-25 20:11:11,P1-overload,120,1.2,120,1.0,1690,True,True,4.849,50963
2026-09-25 20:11:11,P1-overload,120,10,1000,8.33,1690,True,True,0.817,50963
2026-09-25 20:11:11,P1-overload,120,5,500,4.17,1690,True,True,0.816,50963
2026-09-25 20:11:11,P1-overload,120,1,100,0.83,1690,True,True,1.828,50963
2026-09-25 20:11:11,P1-overload,120,100,10000,83.33,1690,True,True,0.816,50963
2026-09-25 20:11:41,P1-overload,120,1,100,0.83,1690,True,True,7.044,72827
2026-09-25 20:11:41,P1-overload,120,2,200,1.67,1690,True,True,3.013,72827
2026-09-25 20:11:41,P1-overload,120,10,1000,8.33,1690,True,True,1.001,72827
2026-09-25 20:11:41,P1-overload,120,100,10000,83.33,1690,True,True,1,72827
2026-09-25 20:11:41,P1-overload,120,1.2,120,1.0,1690,True,True,10.062,72827
2026-09-25 20:11:41,P1-overload,120,5,500,4.17,1690,True,True,0.999,72827
2026-09-25 20:12:11,P1-overload,120,2,200,1.67,1690,True,True,2.205,69131
2026-09-25 20:12:11,P1-overload,120,1.2,120,1.0,1690,True,True,2.204,69131
2026-09-25 20:12:11,P1-overload,120,1,100,0.83,1690,True,True,5.218,69131
2026-09-25 20:12:11,P1-overload,120,100,10000,83.33,1690,True,True,1.197,69131
2026-09-25 20:12:11,P1-overload,120,5,500,4.17,1690,True,True,1.196,69131
2026-09-25 20:12:11,P1-overload,120,10,1000,8.33,1690,True,True,1.196,69131
2026-09-25 20:12:41,P1-overload,120,100,10000,83.33,1690,True,True,0.399,38065
2026-09-25 20:12:41,P1-overload,120,1,100,0.83,1690,True,True,2.405,38065
2026-09-25 20:12:41,P1-overload,120,1.2,120,1.0,1690,True,True,2.405,38065
2026-09-25 20:12:41,P1-overload,120,2,200,1.67,1690,True,True,2.404,38065
2026-09-25 20:12:41,P1-overload,120,5,500,4.17,1690,True,True,0.396,38065
2026-09-25 20:12:41,P1-overload,120,10,1000,8.33,1690,True,True,0.396,38065
2026-09-25 20:13:11,P1-overload,120,10,1000,8.33,1690,True,True,1.615,70971
2026-09-25 20:13:11,P1-overload,120,2,200,1.67,1690,True,True,4.636,70971
2026-09-25 20:13:11,P1-overload,120,100,10000,83.33,1690,True,True,1.614,70971
2026-09-25 20:13:11,P1-overload,120,1.2,120,1.0,1690,True,True,3.627,70971
2026-09-25 20:13:11,P1-overload,120,5,500,4.17,1690,True,True,2.62,70971
2026-09-25 20:13:11,P1-overload,120,1,100,0.83,1690,True,True,6.702,70971
2026-09-25 20:13:41,P1-overload,120,2,200,1.67,1690,True,True,0.881,69858
2026-09-25 20:13:41,P1-overload,120,10,1000,8.33,1690,True,True,0.88,69858
2026-09-25 20:13:41,P1-overload,120,1.2,120,1.0,1690,True,True,2.891,69858
2026-09-25 20:13:41,P1-overload,120,1,100,0.83,1690,True,True,4.913,69858
2026-09-25 20:13:41,P1-overload,120,5,500,4.17,1690,True,True,1.885,69858
2026-09-25 20:13:41,P1-overload,120,100,10000,83.33,1690,True,True,0.878,69858
2026-09-25 20:14:11,P1-overload,120,1.2,120,1.0,1690,True,True,12.133,72214
2026-09-25 20:14:11,P1-overload,120,2,200,1.67,1690,True,True,6.095,72214
2026-09-25 20:14:11,P1-overload,120,10,1000,8.33,1690,True,True,1.064,72214
2026-09-25 20:14:11,P1-overload,120,5,500,4.17,1690,True,True,2.067,72214
2026-09-25 20:14:11,P1-overload,120,1,100,0.83,1690,True,True,4.079,72214
2026-09-25 20:14:11,P1-overload,120,100,10000,83.33,1690,True,True,1.063,72214
2026-09-25 20:14:41,P1-overload,120,1.2,120,1.0,1690,True,True,8.29,66213
2026-09-25 20:14:41,P1-overload,120,100,10000,83.33,1690,True,True,1.246,66213
2026-09-25 20:14:41,P1-overload,120,1,100,0.83,1690,True,True,1.246,66213
2026-09-25 20:14:41,P1-overload,120,10,1000,8.33,1690,True,True,1.245,66213
2026-09-25 20:14:41,P1-overload,120,5,500,4.17,1690,True,True,1.245,66213
2026-09-25 20:14:41,P1-overload,120,2,200,1.67,1690,True,True,2.251,66213
2026-09-25 20:15:11,P1-overload,120,2,200,1.67,1690,True,True,3.481,47329
2026-09-25 20:15:11,P1-overload,120,5,500,4.17,1690,True,True,1.469,47329
2026-09-25 20:15:11,P1-overload,120,10,1000,8.33,1690,True,True,1.469,47329
2026-09-25 20:15:11,P1-overload,120,100,10000,83.33,1690,True,True,1.468,47329
2026-09-25 20:15:11,P1-overload,120,1.2,120,1.0,1690,True,True,13.532,47329
2026-09-25 20:15:11,P1-overload,120,1,100,0.83,1690,True,True,17.554,47329
2026-09-25 20:15:41,P1-overload,120,1.2,120,1.0,1690,True,True,2.686,55490
2026-09-25 20:15:41,P1-overload,120,5,500,4.17,1690,True,True,1.678,55490
2026-09-25 20:15:41,P1-overload,120,10,1000,8.33,1690,True,True,0.673,55490
2026-09-25 20:15:41,P1-overload,120,2,200,1.67,1690,True,True,2.685,55490
2026-09-25 20:15:41,P1-overload,120,1,100,0.83,1690,True,True,4.698,55490
2026-09-25 20:15:41,P1-overload,120,100,10000,83.33,1690,True,True,0.672,55490
2026-09-25 20:16:11,P1-overload,120,1,100,0.83,1690,True,True,4.901,48557
2026-09-25 20:16:11,P1-overload,120,1.2,120,1.0,1690,True,True,8.032,48557
2026-09-25 20:16:11,P1-overload,120,2,200,1.67,1690,True,True,2.885,48557
2026-09-25 20:16:11,P1-overload,120,10,1000,8.33,1690,True,True,0.869,48557
2026-09-25 20:16:11,P1-overload,120,100,10000,83.33,1690,True,True,0.868,48557
2026-09-25 20:16:11,P1-overload,120,5,500,4.17,1690,True,True,1.876,48557
2026-09-25 20:16:41,P1-overload,120,1,100,0.83,1690,True,True,5.243,62967
2026-09-25 20:16:41,P1-overload,120,5,500,4.17,1690,True,True,1.22,62967
2026-09-25 20:16:41,P1-overload,120,100,10000,83.33,1690,True,True,1.219,62967
2026-09-25 20:16:41,P1-overload,120,1.2,120,1.0,1690,True,True,6.249,62967
2026-09-25 20:16:41,P1-overload,120,10,1000,8.33,1690,True,True,1.218,62967
2026-09-25 20:16:41,P1-overload,120,2,200,1.67,1690,True,True,3.23,62967
2026-09-25 20:17:11,P1-overload,120,1,100,0.83,1690,True,True,18.507,68296
2026-09-25 20:17:11,P1-overload,120,1.2,120,1.0,1690,True,True,2.382,68296
2026-09-25 20:17:11,P1-overload,120,2,200,1.67,1690,True,True,3.391,68296
2026-09-25 20:17:11,P1-overload,120,5,500,4.17,1690,True,True,1.369,68296
2026-09-25 20:17:11,P1-overload,120,10,1000,8.33,1690,True,True,1.369,68296
2026-09-25 20:17:11,P1-overload,120,100,10000,83.33,1690,True,True,1.368,68296
2026-09-25 20:17:41,P1-overload,120,100,10000,83.33,1690,True,True,0.573,77901
2026-09-25 20:17:41,P1-overload,120,10,1000,8.33,1690,True,True,0.573,77901
2026-09-25 20:17:41,P1-overload,120,1,100,0.83,1690,True,True,7.61,77901
2026-09-25 20:17:41,P1-overload,120,1.2,120,1.0,1690,True,True,4.598,77901
2026-09-25 20:17:41,P1-overload,120,5,500,4.17,1690,True,True,1.578,77901
2026-09-25 20:17:41,P1-overload,120,2,200,1.67,1690,True,True,4.597,77901
2026-09-25 20:18:11,P1-overload,120,100,10000,83.33,1690,True,True,1.74,36236
2026-09-25 20:18:11,P1-overload,120,1.2,120,1.0,1690,True,True,2.744,36236
2026-09-25 20:18:11,P1-overload,120,5,500,4.17,1690,True,True,1.739,36236
2026-09-25 20:18:11,P1-overload,120,10,1000,8.33,1690,True,True,1.738,36236
2026-09-25 20:18:11,P1-overload,120,1,100,0.83,1690,True,True,2.743,36236
2026-09-25 20:18:11,P1-overload,120,2,200,1.67,1690,True,True,3.751,36236
2026-09-25 20:18:41,P1-overload,120,1.2,120,1.0,1690,True,True,17.033,76918
2026-09-25 20:18:41,P1-overload,120,10,1000,8.33,1690,True,True,0.931,76918
2026-09-25 20:18:41,P1-overload,120,100,10000,83.33,1690,True,True,0.931,76918
2026-09-25 20:18:41,P1-overload,120,2,200,1.67,1690,True,True,7.973,76918
2026-09-25 20:18:41,P1-overload,120,1,100,0.83,1690,True,True,14.013,76918
2026-09-25 20:18:41,P1-overload,120,5,500,4.17,1690,True,True,0.927,76918
2026-09-25 20:19:11,P1-overload,120,2,200,1.67,1690,True,True,1.128,63682
2026-09-25 20:19:11,P1-overload,120,1.2,120,1.0,1690,True,True,14.289,63682
2026-09-25 20:19:11,P1-overload,120,5,500,4.17,1690,True,True,1.128,63682
2026-09-25 20:19:11,P1-overload,120,100,10000,83.33,1690,True,True,1.127,63682
2026-09-25 20:19:11,P1-overload,120,1,100,0.83,1690,True,True,18.324,63682
2026-09-25 20:19:11,P1-overload,120,10,1000,8.33,1690,True,True,1.126,63682
2026-09-25 20:19:41,P1-overload,120,100,10000,83.33,1690,True,True,1.407,75897
2026-09-25 20:19:41,P1-overload,120,2,200,1.67,1690,True,True,3.42,75897
2026-09-25 20:19:41,P1-overload,120,1,100,0.83,1690,True,True,7.437,75897
2026-09-25 20:19:41,P1-overload,120,5,500,4.17,1690,True,True,1.405,75897
2026-09-25 20:19:41,P1-overload,120,10,1000,8.33,1690,True,True,1.405,75897
2026-09-25 20:19:41,P1-overload,120,1.2,120,1.0,1690,True,True,4.424,75897
2026-09-25 20:20:11,P1-overload,120,1,100,0.83,1690,True,True,5.594,70593
2026-09-25 20:20:11,P1-overload,120,1.2,120,1.0,1690,True,True,3.583,70593
2026-09-25 20:20:11,P1-overload,120,2,200,1.67,1690,True,True,3.582,70593
2026-09-25 20:20:11,P1-overload,120,5,500,4.17,1690,True,True,1.568,70593
2026-09-25 20:20:11,P1-overload,120,10,1000,8.33,1690,True,True,1.567,70593
2026-09-25 20:20:11,P1-overload,120,100,10000,83.33,1690,True,True,1.563,70593
2026-09-25 20:20:41,P1-overload,120,10,1000,8.33,1690,True,True,1.752,75446
2026-09-25 20:20:41,P1-overload,120,100,10000,83.33,1690,True,True,1.752,75446
2026-09-25 20:20:41,P1-overload,120,5,500,4.17,1690,True,True,1.751,75446
2026-09-25 20:20:41,P1-overload,120,2,200,1.67,1690,True,True,5.769,75446
2026-09-25 20:20:41,P1-overload,120,1.2,120,1.0,1690,True,True,2.753,75446
2026-09-25 20:20:41,P1-overload,120,1,100,0.83,1690,True,True,29.941,75446
2026-09-25 20:21:11,P1-overload,120,1,100,0.83,1690,True,True,2.962,40135
2026-09-25 20:21:11,P1-overload,120,1.2,120,1.0,1690,True,True,10.012,40135
2026-09-25 20:21:11,P1-overload,120,2,200,1.67,1690,True,True,4.98,40135
2026-09-25 20:21:11,P1-overload,120,5,500,4.17,1690,True,True,0.95,40135
2026-09-25 20:21:11,P1-overload,120,10,1000,8.33,1690,True,True,0.949,40135
2026-09-25 20:21:11,P1-overload,120,100,10000,83.33,1690,True,True,0.949,40135
2026-09-25 20:21:41,P1-overload,120,10,1000,8.33,1690,True,True,1.101,51378
2026-09-25 20:21:41,P1-overload,120,5,500,4.17,1690,True,True,1.1,51378
2026-09-25 20:21:41,P1-overload,120,2,200,1.67,1690,True,True,1.1,51378
2026-09-25 20:21:41,P1-overload,120,1.2,120,1.0,1690,True,True,2.106,51378
2026-09-25 20:21:41,P1-overload,120,100,10000,83.33,1690,True,True,1.099,51378
2026-09-25 20:21:41,P1-overload,120,1,100,0.83,1690,True,True,20.2,51378
2026-09-25 20:22:11,P1-overload,120,1,100,0.83,1690,True,True,44.514,68991
2026-09-25 20:22:11,P1-overload,120,5,500,4.17,1690,True,True,1.277,68991
2026-09-25 20:22:11,P1-overload,120,10,1000,8.33,1690,True,True,1.277,68991
2026-09-25 20:22:11,P1-overload,120,2,200,1.67,1690,True,True,2.282,68991
2026-09-25 20:22:11,P1-overload,120,1.2,120,1.0,1690,True,True,4.291,68991
2026-09-25 20:22:11,P1-overload,120,100,10000,83.33,1690,True,True,1.275,68991
2026-09-25 20:22:41,P1-overload,120,2,200,1.67,1690,True,True,1.403,58838
2026-09-25 20:22:41,P1-overload,120,10,1000,8.33,1690,True,True,0.394,58838
2026-09-25 20:22:41,P1-overload,120,100,10000,83.33,1690,True,True,0.394,58838
2026-09-25 20:22:41,P1-overload,120,5,500,4.17,1690,True,True,0.393,58838
2026-09-25 20:22:41,P1-overload,120,1,100,0.83,1690,True,True,19.536,58838
2026-09-25 20:22:41,P1-overload,120,1.2,120,1.0,1690,True,True,33.622,58838
2026-09-25 20:23:11,P1-overload,120,1,100,0.83,1690,True,True,6.643,73601
2026-09-25 20:23:11,P1-overload,120,2,200,1.67,1690,True,True,7.655,73601
2026-09-25 20:23:11,P1-overload,120,5,500,4.17,1690,True,True,1.617,73601
2026-09-25 20:23:11,P1-overload,120,10,1000,8.33,1690,True,True,1.617,73601
2026-09-25 20:23:11,P1-overload,120,1.2,120,1.0,1690,True,True,8.659,73601
2026-09-25 20:23:11,P1-overload,120,100,10000,83.33,1690,True,True,1.616,73601
2026-09-25 20:23:41,P1-overload,120,1,100,0.83,1690,True,True,18.967,66866
2026-09-25 20:23:41,P1-overload,120,1.2,120,1.0,1690,True,True,10.902,66866
2026-09-25 20:23:41,P1-overload,120,2,200,1.67,1690,True,True,10.901,66866
2026-09-25 20:23:41,P1-overload,120,100,10000,83.33,1690,True,True,1.813,66866
2026-09-25 20:23:41,P1-overload,120,10,1000,8.33,1690,True,True,1.812,66866
2026-09-25 20:23:41,P1-overload,120,5,500,4.17,1690,True,True,1.812,66866
2026-09-25 20:24:11,P1-overload,120,10,1000,8.33,1690,True,True,2.058,66400
2026-09-25 20:24:11,P1-overload,120,5,500,4.17,1690,True,True,2.058,66400
2026-09-25 20:24:11,P1-overload,120,2,200,1.67,1690,True,True,2.057,66400
2026-09-25 20:24:11,P1-overload,120,1.2,120,1.0,1690,True,True,2.057,66400
2026-09-25 20:24:11,P1-overload,120,1,100,0.83,1690,True,True,3.064,66400
2026-09-25 20:24:11,P1-overload,120,100,10000,83.33,1690,True,True,2.056,66400
2026-09-25 20:24:41,P1-overload,120,2,200,1.67,1690,True,True,4.214,62645
2026-09-25 20:24:41,P1-overload,120,1,100,0.83,1690,True,True,16.274,62645
2026-09-25 20:24:41,P1-overload,120,10,1000,8.33,1690,True,True,1.2,62645
2026-09-25 20:24:41,P1-overload,120,100,10000,83.33,1690,True,True,1.199,62645
2026-09-25 20:24:41,P1-overload,120,5,500,4.17,1690,True,True,2.203,62645
2026-09-25 20:24:41,P1-overload,120,1.2,120,1.0,1690,True,True,6.218,62645
2026-09-25 20:25:11,P1-overload,120,1,100,0.83,1690,True,True,19.439,81011
2026-09-25 20:25:11,P1-overload,120,1.2,120,1.0,1690,True,True,8.373,81011
2026-09-25 20:25:11,P1-overload,120,2,200,1.67,1690,True,True,9.378,81011
2026-09-25 20:25:11,P1-overload,120,5,500,4.17,1690,True,True,1.335,81011
2026-09-25 20:25:11,P1-overload,120,10,1000,8.33,1690,True,True,1.335,81011
2026-09-25 20:25:11,P1-overload,120,100,10000,83.33,1690,True,True,1.334,81011
2026-09-25 20:25:41,P1-overload,120,10,1000,8.33,1690,True,True,0.494,51388
2026-09-25 20:25:41,P1-overload,120,5,500,4.17,1690,True,True,0.493,51388
2026-09-25 20:25:41,P1-overload,120,100,10000,83.33,1690,True,True,0.493,51388
2026-09-25 20:25:41,P1-overload,120,2,200,1.67,1690,True,True,0.492,51388
2026-09-25 20:25:41,P1-overload,120,1.2,120,1.0,1690,True,True,1.497,51388
2026-09-25 20:25:41,P1-overload,120,1,100,0.83,1690,True,True,16.582,51388
2026-09-25 20:26:11,P1-overload,120,1,100,0.83,1690,True,True,2.645,59806
2026-09-25 20:26:11,P1-overload,120,1.2,120,1.0,1690,True,True,2.645,59806
2026-09-25 20:26:11,P1-overload,120,2,200,1.67,1690,True,True,1.641,59806
2026-09-25 20:26:11,P1-overload,120,100,10000,83.33,1690,True,True,0.636,59806
2026-09-25 20:26:11,P1-overload,120,10,1000,8.33,1690,True,True,0.636,59806
2026-09-25 20:26:11,P1-overload,120,5,500,4.17,1690,True,True,1.639,59806
2026-09-25 20:26:41,P1-overload,120,1,100,0.83,1690,True,True,7.861,50054
2026-09-25 20:26:41,P1-overload,120,1.2,120,1.0,1690,True,True,3.83,50054
2026-09-25 20:26:41,P1-overload,120,5,500,4.17,1690,True,True,0.813,50054
2026-09-25 20:26:41,P1-overload,120,10,1000,8.33,1690,True,True,0.812,50054
2026-09-25 20:26:41,P1-overload,120,100,10000,83.33,1690,True,True,0.812,50054
2026-09-25 20:26:41,P1-overload,120,2,200,1.67,1690,True,True,7.858,50054
2026-09-25 20:27:11,P1-overload,120,2,200,1.67,1690,True,True,4.026,53924
2026-09-25 20:27:11,P1-overload,120,100,10000,83.33,1690,True,True,1.002,53924
2026-09-25 20:27:11,P1-overload,120,5,500,4.17,1690,True,True,1.001,53924
2026-09-25 20:27:11,P1-overload,120,10,1000,8.33,1690,True,True,1.001,53924
2026-09-25 20:27:11,P1-overload,120,1.2,120,1.0,1690,True,True,13.077,53924
2026-09-25 20:27:11,P1-overload,120,1,100,0.83,1690,True,True,7.039,53924
2026-09-25 20:27:41,P1-overload,120,1,100,0.83,1690,True,True,17.249,81725
2026-09-25 20:27:41,P1-overload,120,5,500,4.17,1690,True,True,1.174,81725
2026-09-25 20:27:41,P1-overload,120,100,10000,83.33,1690,True,True,1.173,81725
2026-09-25 20:27:41,P1-overload,120,10,1000,8.33,1690,True,True,1.173,81725
2026-09-25 20:27:41,P1-overload,120,1.2,120,1.0,1690,True,True,7.2,81725
2026-09-25 20:27:41,P1-overload,120,2,200,1.67,1690,True,True,8.205,81725
2026-09-25 20:28:11,P1-overload,120,5,500,4.17,1690,True,True,1.323,73344
2026-09-25 20:28:11,P1-overload,120,1,100,0.83,1690,True,True,13.399,73344
2026-09-25 20:28:11,P1-overload,120,100,10000,83.33,1690,True,True,1.322,73344
2026-09-25 20:28:11,P1-overload,120,1.2,120,1.0,1690,True,True,14.404,73344
2026-09-25 20:28:11,P1-overload,120,10,1000,8.33,1690,True,True,1.321,73344
2026-09-25 20:28:11,P1-overload,120,2,200,1.67,1690,True,True,2.326,73344
2026-09-25 20:28:41,P1-overload,120,100,10000,83.33,1690,True,True,1.506,66307
2026-09-25 20:28:41,P1-overload,120,2,200,1.67,1690,True,True,2.51,66307
2026-09-25 20:28:41,P1-overload,120,1,100,0.83,1690,True,True,15.575,66307
2026-09-25 20:28:41,P1-overload,120,5,500,4.17,1690,True,True,1.504,66307
2026-09-25 20:28:41,P1-overload,120,10,1000,8.33,1690,True,True,1.504,66307
2026-09-25 20:28:41,P1-overload,120,1.2,120,1.0,1690,True,True,17.581,66307
2026-09-25 20:29:11,P1-overload,120,100,10000,83.33,1690,True,True,0.652,83772
2026-09-25 20:29:11,P1-overload,120,1.2,120,1.0,1690,True,True,9.692,83772
2026-09-25 20:29:11,P1-overload,120,5,500,4.17,1690,True,True,0.651,83772
2026-09-25 20:29:11,P1-overload,120,1,100,0.83,1690,True,True,13.713,83772
2026-09-25 20:29:11,P1-overload,120,10,1000,8.33,1690,True,True,0.65,83772
2026-09-25 20:29:11,P1-overload,120,2,200,1.67,1690,True,True,0.649,83772
2026-09-25 20:29:41,P1-overload,120,1,100,0.83,1690,True,True,19.906,59218
2026-09-25 20:29:41,P1-overload,120,1.2,120,1.0,1690,True,True,29.961,59218
2026-09-25 20:29:41,P1-overload,120,2,200,1.67,1690,True,True,0.806,59218
2026-09-25 20:29:41,P1-overload,120,10,1000,8.33,1690,True,True,0.806,59218
2026-09-25 20:29:41,P1-overload,120,5,500,4.17,1690,True,True,1.807,59218
2026-09-25 20:29:41,P1-overload,120,100,10000,83.33,1690,True,True,0.801,59218
2026-09-25 20:30:11,P1-overload,120,100,10000,83.33,1690,True,True,0.964,47245
2026-09-25 20:30:11,P1-overload,120,1,100,0.83,1690,True,True,2.976,47245
2026-09-25 20:30:11,P1-overload,120,1.2,120,1.0,1690,True,True,9.092,47245
2026-09-25 20:30:11,P1-overload,120,5,500,4.17,1690,True,True,0.961,47245
2026-09-25 20:30:11,P1-overload,120,2,200,1.67,1690,True,True,2.975,47245
2026-09-25 20:30:11,P1-overload,120,10,1000,8.33,1690,True,True,0.96,47245
2026-09-25 20:30:41,P1-overload,120,2,200,1.67,1690,True,True,4.254,78615
2026-09-25 20:30:41,P1-overload,120,5,500,4.17,1690,True,True,1.235,78615
2026-09-25 20:30:41,P1-overload,120,100,10000,83.33,1690,True,True,1.235,78615
2026-09-25 20:30:41,P1-overload,120,10,1000,8.33,1690,True,True,1.234,78615
2026-09-25 20:30:41,P1-overload,120,1,100,0.83,1690,True,True,43.49,78615
2026-09-25 20:30:41,P1-overload,120,1.2,120,1.0,1690,True,True,11.294,78615
2026-09-25 20:31:11,P1-overload,120,10,1000,8.33,1690,True,True,1.417,75105
2026-09-25 20:31:11,P1-overload,120,5,500,4.17,1690,True,True,2.426,75105
2026-09-25 20:31:11,P1-overload,120,100,10000,83.33,1690,True,True,1.416,75105
2026-09-25 20:31:11,P1-overload,120,2,200,1.67,1690,True,True,1.416,75105
2026-09-25 20:31:11,P1-overload,120,1.2,120,1.0,1690,True,True,10.477,75105
2026-09-25 20:31:11,P1-overload,120,1,100,0.83,1690,True,True,28.635,75105
2026-09-25 20:31:41,P1-overload,120,10,1000,8.33,1690,True,True,0.648,43471
2026-09-25 20:31:41,P1-overload,120,5,500,4.17,1690,True,True,0.648,43471
2026-09-25 20:31:41,P1-overload,120,100,10000,83.33,1690,True,True,0.647,43471
2026-09-25 20:31:41,P1-overload,120,2,200,1.67,1690,True,True,1.65,43471
2026-09-25 20:31:41,P1-overload,120,1.2,120,1.0,1690,True,True,13.719,43471
2026-09-25 20:31:41,P1-overload,120,1,100,0.83,1690,True,True,1.649,43471
2026-09-25 20:32:11,P1-overload,120,1,100,0.83,1690,True,True,6.866,80840
2026-09-25 20:32:11,P1-overload,120,1.2,120,1.0,1690,True,True,6.866,80840
2026-09-25 20:32:11,P1-overload,120,2,200,1.67,1690,True,True,2.834,80840
2026-09-25 20:32:11,P1-overload,120,10,1000,8.33,1690,True,True,0.825,80840
2026-09-25 20:32:11,P1-overload,120,5,500,4.17,1690,True,True,1.828,80840
2026-09-25 20:32:11,P1-overload,120,100,10000,83.33,1690,True,True,0.823,80840
2026-09-25 20:32:41,P1-overload,120,10,1000,8.33,1690,True,True,2.031,59257
2026-09-25 20:32:41,P1-overload,120,100,10000,83.33,1690,True,True,2.031,59257
2026-09-25 20:32:41,P1-overload,120,5,500,4.17,1690,True,True,2.03,59257
2026-09-25 20:32:41,P1-overload,120,2,200,1.67,1690,True,True,3.036,59257
2026-09-25 20:32:41,P1-overload,120,1.2,120,1.0,1690,True,True,4.043,59257
2026-09-25 20:32:41,P1-overload,120,1,100,0.83,1690,True,True,14.163,59257
2026-09-25 20:33:11,P1-overload,120,100,10000,83.33,1690,True,True,1.249,62130
2026-09-25 20:33:11,P1-overload,120,5,500,4.17,1690,True,True,1.249,62130
2026-09-25 20:33:11,P1-overload,120,1.2,120,1.0,1690,True,True,7.284,62130
2026-09-25 20:33:11,P1-overload,120,2,200,1.67,1690,True,True,3.263,62130
2026-09-25 20:33:11,P1-overload,120,10,1000,8.33,1690,True,True,1.243,62130
2026-09-25 20:33:11,P1-overload,120,1,100,0.83,1690,True,True,2.252,62130
2026-09-25 20:33:41,P1-overload,120,1.2,120,1.0,1690,True,True,2.423,56752
2026-09-25 20:33:41,P1-overload,120,5,500,4.17,1690,True,True,1.416,56752
2026-09-25 20:33:41,P1-overload,120,10,1000,8.33,1690,True,True,1.415,56752
2026-09-25 20:33:41,P1-overload,120,1,100,0.83,1690,True,True,2.422,56752
2026-09-25 20:33:41,P1-overload,120,100,10000,83.33,1690,True,True,1.414,56752
2026-09-25 20:33:41,P1-overload,120,2,200,1.67,1690,True,True,2.421,56752
2026-09-25 20:34:11,P1-overload,120,10,1000,8.33,1690,True,True,1.625,72681
2026-09-25 20:34:11,P1-overload,120,5,500,4.17,1690,True,True,1.624,72681
2026-09-25 20:34:11,P1-overload,120,2,200,1.67,1690,True,True,11.687,72681
2026-09-25 20:34:11,P1-overload,120,1.2,120,1.0,1690,True,True,12.693,72681
2026-09-25 20:34:11,P1-overload,120,100,10000,83.33,1690,True,True,1.62,72681
2026-09-25 20:34:11,P1-overload,120,1,100,0.83,1690,True,True,28.785,72681
2026-09-25 20:34:41,P1-overload,120,100,10000,83.33,1690,True,True,0.814,45732
2026-09-25 20:34:41,P1-overload,120,1,100,0.83,1690,True,True,9.866,45732
2026-09-25 20:34:41,P1-overload,120,1.2,120,1.0,1690,True,True,6.842,45732
2026-09-25 20:34:41,P1-overload,120,10,1000,8.33,1690,True,True,0.807,45732
2026-09-25 20:34:41,P1-overload,120,2,200,1.67,1690,True,True,6.841,45732
2026-09-25 20:34:41,P1-overload,120,5,500,4.17,1690,True,True,0.806,45732
2026-09-25 20:35:11,P1-overload,120,1,100,0.83,1690,True,True,4.016,47602
2026-09-25 20:35:11,P1-overload,120,5,500,4.17,1690,True,True,0.995,47602
2026-09-25 20:35:11,P1-overload,120,1.2,120,1.0,1690,True,True,4.015,47602
2026-09-25 20:35:11,P1-overload,120,2,200,1.67,1690,True,True,3.008,47602
2026-09-25 20:35:11,P1-overload,120,10,1000,8.33,1690,True,True,0.994,47602
2026-09-25 20:35:11,P1-overload,120,100,10000,83.33,1690,True,True,0.993,47602
2026-09-25 20:35:41,P1-overload,120,100,10000,83.33,1690,True,True,1.164,54180
2026-09-25 20:35:41,P1-overload,120,1.2,120,1.0,1690,True,True,1.164,54180
2026-09-25 20:35:41,P1-overload,120,1,100,0.83,1690,True,True,8.207,54180
2026-09-25 20:35:41,P1-overload,120,10,1000,8.33,1690,True,True,1.163,54180
2026-09-25 20:35:41,P1-overload,120,2,200,1.67,1690,True,True,3.176,54180
2026-09-25 20:35:41,P1-overload,120,5,500,4.17,1690,True,True,1.162,54180
2026-09-25 20:36:11,P1-overload,120,100,10000,83.33,1690,True,True,1.354,49105
2026-09-25 20:36:11,P1-overload,120,5,500,4.17,1690,True,True,1.353,49105
2026-09-25 20:36:11,P1-overload,120,1.2,120,1.0,1690,True,True,2.36,49105
2026-09-25 20:36:11,P1-overload,120,2,200,1.67,1690,True,True,3.367,49105
2026-09-25 20:36:11,P1-overload,120,1,100,0.83,1690,True,True,17.476,49105
2026-09-25 20:36:11,P1-overload,120,10,1000,8.33,1690,True,True,1.352,49105
2026-09-25 20:36:41,P1-overload,120,1,100,0.83,1690,True,True,1.576,65644
2026-09-25 20:36:41,P1-overload,120,1.2,120,1.0,1690,True,True,21.697,65644
2026-09-25 20:36:41,P1-overload,120,5,500,4.17,1690,True,True,0.565,65644
2026-09-25 20:36:41,P1-overload,120,100,10000,83.33,1690,True,True,0.564,65644
2026-09-25 20:36:41,P1-overload,120,2,200,1.67,1690,True,True,5.594,65644
2026-09-25 20:36:41,P1-overload,120,10,1000,8.33,1690,True,True,0.563,65644
2026-09-25 20:37:11,P1-overload,120,1.2,120,1.0,1690,True,True,24.013,67497
2026-09-25 20:37:11,P1-overload,120,5,500,4.17,1690,True,True,0.751,67497
2026-09-25 20:37:11,P1-overload,120,100,10000,83.33,1690,True,True,0.751,67497
2026-09-25 20:37:11,P1-overload,120,10,1000,8.33,1690,True,True,0.751,67497
2026-09-25 20:37:11,P1-overload,120,1,100,0.83,1690,True,True,8.907,67497
2026-09-25 20:37:11,P1-overload,120,2,200,1.67,1690,True,True,0.75,67497
2026-09-25 20:37:41,P1-overload,120,10,1000,8.33,1690,True,True,1.052,49274
2026-09-25 20:37:41,P1-overload,120,100,10000,83.33,1690,True,True,1.052,49274
2026-09-25 20:37:41,P1-overload,120,5,500,4.17,1690,True,True,2.058,49274
2026-09-25 20:37:41,P1-overload,120,2,200,1.67,1690,True,True,6.088,49274
2026-09-25 20:37:41,P1-overload,120,1.2,120,1.0,1690,True,True,10.11,49274
2026-09-25 20:37:41,P1-overload,120,1,100,0.83,1690,True,True,6.083,49274
2026-09-25 20:38:11,P1-overload,120,1,100,0.83,1690,True,True,4.25,78973
2026-09-25 20:38:11,P1-overload,120,1.2,120,1.0,1690,True,True,2.235,78973
2026-09-25 20:38:11,P1-overload,120,2,200,1.67,1690,True,True,2.235,78973
2026-09-25 20:38:11,P1-overload,120,5,500,4.17,1690,True,True,1.227,78973
2026-09-25 20:38:11,P1-overload,120,10,1000,8.33,1690,True,True,1.227,78973
2026-09-25 20:38:11,P1-overload,120,100,10000,83.33,1690,True,True,1.226,78973
2026-09-25 20:38:41,P1-overload,120,5,500,4.17,1690,True,True,0.427,72785
2026-09-25 20:38:41,P1-overload,120,1,100,0.83,1690,True,True,7.481,72785
2026-09-25 20:38:41,P1-overload,120,1.2,120,1.0,1690,True,True,9.491,72785
2026-09-25 20:38:41,P1-overload,120,2,200,1.67,1690,True,True,2.44,72785
2026-09-25 20:38:41,P1-overload,120,10,1000,8.33,1690,True,True,0.425,72785
2026-09-25 20:38:41,P1-overload,120,100,10000,83.33,1690,True,True,0.425,72785
2026-09-25 20:39:11,P1-overload,120,1,100,0.83,1690,True,True,1.649,58781
2026-09-25 20:39:11,P1-overload,120,5,500,4.17,1690,True,True,1.649,58781
2026-09-25 20:39:11,P1-overload,120,10,1000,8.33,1690,True,True,1.648,58781
2026-09-25 20:39:11,P1-overload,120,1.2,120,1.0,1690,True,True,21.832,58781
2026-09-25 20:39:11,P1-overload,120,100,10000,83.33,1690,True,True,1.647,58781
2026-09-25 20:39:11,P1-overload,120,2,200,1.67,1690,True,True,12.732,58781
2026-09-25 20:39:41,P1-overload,120,2,200,1.67,1690,True,True,3.897,63701
2026-09-25 20:39:41,P1-overload,120,10,1000,8.33,1690,True,True,0.881,63701
2026-09-25 20:39:41,P1-overload,120,1.2,120,1.0,1690,True,True,1.886,63701
2026-09-25 20:39:41,P1-overload,120,100,10000,83.33,1690,True,True,0.879,63701
2026-09-25 20:39:41,P1-overload,120,5,500,4.17,1690,True,True,0.879,63701
2026-09-25 20:39:41,P1-overload,120,1,100,0.83,1690,True,True,24.02,63701
2026-09-25 20:40:11,P1-overload,120,1,100,0.83,1690,True,True,16.156,66507
2026-09-25 20:40:11,P1-overload,120,1.2,120,1.0,1690,True,True,7.103,66507
2026-09-25 20:40:11,P1-overload,120,2,200,1.67,1690,True,True,5.086,66507
2026-09-25 20:40:11,P1-overload,120,5,500,4.17,1690,True,True,2.063,66507
2026-09-25 20:40:11,P1-overload,120,10,1000,8.33,1690,True,True,1.058,66507
2026-09-25 20:40:11,P1-overload,120,100,10000,83.33,1690,True,True,1.058,66507
2026-09-25 20:40:41,P1-overload,120,2,200,1.67,1690,True,True,6.278,51419
2026-09-25 20:40:41,P1-overload,120,1.2,120,1.0,1690,True,True,4.263,51419
2026-09-25 20:40:41,P1-overload,120,100,10000,83.33,1690,True,True,1.243,51419
2026-09-25 20:40:41,P1-overload,120,1,100,0.83,1690,True,True,6.276,51419
2026-09-25 20:40:41,P1-overload,120,5,500,4.17,1690,True,True,2.247,51419
2026-09-25 20:40:41,P1-overload,120,10,1000,8.33,1690,True,True,1.242,51419
2026-09-25 20:41:11,P1-overload,120,10,1000,8.33,1690,True,True,2.461,60943
2026-09-25 20:41:11,P1-overload,120,5,500,4.17,1690,True,True,39.215,60943
2026-09-25 20:41:11,P1-overload,120,2,200,1.67,1690,True,True,48.28,60943
2026-09-25 20:41:11,P1-overload,120,1.2,120,1.0,1690,True,True,47.274,60943
2026-09-25 20:41:11,P1-overload,120,100,10000,83.33,1690,True,True,1.455,60943
2026-09-25 20:41:11,P1-overload,120,1,100,0.83,1690,True,True,72.425,60943
2026-09-25 20:41:43,P1-overload,120,2,200,1.67,1690,True,True,14.254,99662
2026-09-25 20:41:44,P1-overload,120,10,1000,8.33,1690,True,True,3.654,99662
2026-09-25 20:41:44,P1-overload,120,100,10000,83.33,1690,True,True,3.653,99662
2026-09-25 20:41:44,P1-overload,120,1,100,0.83,1690,True,True,26.334,99662
2026-09-25 20:41:44,P1-overload,120,5,500,4.17,1690,True,True,11.222,99662
2026-09-25 20:41:44,P1-overload,120,1.2,120,1.0,1690,True,True,31.365,99662
2026-09-25 20:42:11,P1-overload,120,5,500,4.17,1690,True,True,0.362,53327
2026-09-25 20:42:11,P1-overload,120,2,200,1.67,1690,True,True,2.373,53327
2026-09-25 20:42:11,P1-overload,120,1,100,0.83,1690,True,True,6.393,53327
2026-09-25 20:42:11,P1-overload,120,10,1000,8.33,1690,True,True,0.361,53327
2026-09-25 20:42:11,P1-overload,120,1.2,120,1.0,1690,True,True,3.376,53327
2026-09-25 20:42:11,P1-overload,120,100,10000,83.33,1690,True,True,0.36,53327
2026-09-25 20:42:41,P1-overload,120,100,10000,83.33,1690,True,True,1.559,55075
2026-09-25 20:42:41,P1-overload,120,10,1000,8.33,1690,True,True,1.559,55075
2026-09-25 20:42:41,P1-overload,120,1,100,0.83,1690,True,True,68.123,55075
2026-09-25 20:42:41,P1-overload,120,5,500,4.17,1690,True,True,1.558,55075
2026-09-25 20:42:41,P1-overload,120,1.2,120,1.0,1690,True,True,15.667,55075
2026-09-25 20:42:41,P1-overload,120,2,200,1.67,1690,True,True,3.588,55075
2026-09-25 20:43:11,P1-overload,120,5,500,4.17,1690,True,True,0.772,51958
2026-09-25 20:43:11,P1-overload,120,2,200,1.67,1690,True,True,2.793,51958
2026-09-25 20:43:11,P1-overload,120,1.2,120,1.0,1690,True,True,26.02,51958
2026-09-25 20:43:11,P1-overload,120,10,1000,8.33,1690,True,True,0.77,51958
2026-09-25 20:43:11,P1-overload,120,100,10000,83.33,1690,True,True,0.769,51958
2026-09-25 20:43:11,P1-overload,120,1,100,0.83,1690,True,True,3.793,51958
2026-09-25 20:43:41,P1-overload,120,1,100,0.83,1690,True,True,5.105,50355
2026-09-25 20:43:41,P1-overload,120,1.2,120,1.0,1690,True,True,9.134,50355
2026-09-25 20:43:41,P1-overload,120,2,200,1.67,1690,True,True,10.142,50355
2026-09-25 20:43:41,P1-overload,120,100,10000,83.33,1690,True,True,1.062,50355
2026-09-25 20:43:41,P1-overload,120,10,1000,8.33,1690,True,True,1.061,50355
2026-09-25 20:43:41,P1-overload,120,5,500,4.17,1690,True,True,1.058,50355
2026-09-25 20:44:11,P1-overload,120,5,500,4.17,1690,True,True,2.34,51602
2026-09-25 20:44:11,P1-overload,120,1.2,120,1.0,1690,True,True,13.423,51602
2026-09-25 20:44:11,P1-overload,120,10,1000,8.33,1690,True,True,1.323,51602
2026-09-25 20:44:11,P1-overload,120,2,200,1.67,1690,True,True,2.338,51602
2026-09-25 20:44:11,P1-overload,120,1,100,0.83,1690,True,True,5.364,51602
2026-09-25 20:44:11,P1-overload,120,100,10000,83.33,1690,True,True,1.322,51602
2026-09-25 20:44:41,P1-overload,120,2,200,1.67,1690,True,True,7.613,51804
2026-09-25 20:44:41,P1-overload,120,1.2,120,1.0,1690,True,True,10.643,51804
2026-09-25 20:44:41,P1-overload,120,5,500,4.17,1690,True,True,1.56,51804
2026-09-25 20:44:41,P1-overload,120,1,100,0.83,1690,True,True,34.834,51804
2026-09-25 20:44:41,P1-overload,120,100,10000,83.33,1690,True,True,1.559,51804
2026-09-25 20:44:41,P1-overload,120,10,1000,8.33,1690,True,True,1.558,51804
2026-09-25 20:45:11,P1-overload,120,5,500,4.17,1690,True,True,2.824,51458
2026-09-25 20:45:11,P1-overload,120,1,100,0.83,1690,True,True,9.89,51458
2026-09-25 20:45:11,P1-overload,120,10,1000,8.33,1690,True,True,1.815,51458
2026-09-25 20:45:11,P1-overload,120,100,10000,83.33,1690,True,True,1.814,51458
2026-09-25 20:45:11,P1-overload,120,1.2,120,1.0,1690,True,True,13.92,51458
2026-09-25 20:45:11,P1-overload,120,2,200,1.67,1690,True,True,5.847,51458
2026-09-25 20:45:41,P1-overload,120,1,100,0.83,1690,True,True,16.186,52713
2026-09-25 20:45:41,P1-overload,120,1.2,120,1.0,1690,True,True,2.081,52713
2026-09-25 20:45:41,P1-overload,120,2,200,1.67,1690,True,True,2.081,52713
2026-09-25 20:45:41,P1-overload,120,100,10000,83.33,1690,True,True,2.08,52713
2026-09-25 20:45:41,P1-overload,120,10,1000,8.33,1690,True,True,2.08,52713
2026-09-25 20:45:41,P1-overload,120,5,500,4.17,1690,True,True,2.08,52713
2026-09-25 20:46:11,P1-overload,120,5,500,4.17,1690,True,True,1.336,51341
2026-09-25 20:46:11,P1-overload,120,1.2,120,1.0,1690,True,True,6.364,51341
2026-09-25 20:46:11,P1-overload,120,100,10000,83.33,1690,True,True,1.336,51341
2026-09-25 20:46:11,P1-overload,120,1,100,0.83,1690,True,True,5.357,51341
2026-09-25 20:46:11,P1-overload,120,2,200,1.67,1690,True,True,1.335,51341
2026-09-25 20:46:11,P1-overload,120,10,1000,8.33,1690,True,True,1.334,51341
2026-09-25 20:46:41,P1-overload,120,10,1000,8.33,1690,True,True,1.435,0
2026-09-25 20:46:41,P1-overload,120,100,10000,83.33,1690,True,True,1.434,0
2026-09-25 20:46:41,P1-overload,120,5,500,4.17,1690,True,True,1.433,0
2026-09-25 20:46:41,P1-overload,120,2,200,1.67,1690,True,True,1.433,0
2026-09-25 20:46:41,P1-overload,120,1.2,120,1.0,1690,True,True,1.432,0
2026-09-25 20:46:41,P1-overload,120,1,100,0.83,1690,True,True,1.432,0
2026-09-25 20:47:11,P3-drain-halt,,10,1000,,1690,True,True,0.507,0
2026-09-25 20:47:11,P3-drain-halt,,5,500,,1690,True,True,0.506,0
2026-09-25 20:47:11,P3-drain-halt,,100,10000,,1690,True,True,0.506,0
2026-09-25 20:47:11,P3-drain-halt,,1,100,,1690,True,True,0.505,0
2026-09-25 20:47:11,P3-drain-halt,,1.2,120,,1690,True,True,0.505,0
2026-09-25 20:47:11,P3-drain-halt,,2,200,,1690,True,True,0.505,0
2026-09-25 20:47:41,P4-max,200,100,10000,50.0,1690,True,True,1.765,49792
2026-09-25 20:47:41,P4-max,200,1.2,120,0.6,1690,True,True,12.862,49792
2026-09-25 20:47:41,P4-max,200,1,100,0.5,1690,True,True,48.139,49792
2026-09-25 20:47:41,P4-max,200,10,1000,5.0,1690,True,True,1.764,49792
2026-09-25 20:47:41,P4-max,200,5,500,2.5,1690,True,True,2.773,49792
2026-09-25 20:47:41,P4-max,200,2,200,1.0,1690,True,True,5.788,49792
2026-09-25 20:48:11,P4-max,200,100,10000,50.0,1690,True,True,1.005,50392
2026-09-25 20:48:11,P4-max,200,10,1000,5.0,1690,True,True,1.005,50392
2026-09-25 20:48:11,P4-max,200,5,500,2.5,1690,True,True,1.004,50392
2026-09-25 20:48:11,P4-max,200,2,200,1.0,1690,True,True,8.063,50392
2026-09-25 20:48:11,P4-max,200,1.2,120,0.6,1690,True,True,11.082,50392
2026-09-25 20:48:11,P4-max,200,1,100,0.5,1690,True,True,46.347,50392
2026-09-25 20:48:41,P4-max,200,5,500,2.5,1690,True,True,2.234,46459
2026-09-25 20:48:41,P4-max,200,10,1000,5.0,1690,True,True,1.229,46459
2026-09-25 20:48:41,P4-max,200,2,200,1.0,1690,True,True,2.233,46459
2026-09-25 20:48:41,P4-max,200,1.2,120,0.6,1690,True,True,18.353,46459
2026-09-25 20:48:41,P4-max,200,1,100,0.5,1690,True,True,7.264,46459
2026-09-25 20:48:41,P4-max,200,100,10000,50.0,1690,True,True,1.227,46459
2026-09-25 20:49:11,P4-max,200,5,500,2.5,1690,True,True,3.444,56873
2026-09-25 20:49:11,P4-max,200,1,100,0.5,1690,True,True,13.499,56873
2026-09-25 20:49:11,P4-max,200,100,10000,50.0,1690,True,True,1.433,56873
2026-09-25 20:49:11,P4-max,200,2,200,1.0,1690,True,True,13.498,56873
2026-09-25 20:49:11,P4-max,200,1.2,120,0.6,1690,True,True,7.46,56873
2026-09-25 20:49:11,P4-max,200,10,1000,5.0,1690,True,True,1.43,56873
2026-09-25 20:49:41,P4-max,200,1,100,0.5,1690,True,True,2.601,62354
2026-09-25 20:49:41,P4-max,200,1.2,120,0.6,1690,True,True,3.605,62354
2026-09-25 20:49:41,P4-max,200,2,200,1.0,1690,True,True,4.61,62354
2026-09-25 20:49:41,P4-max,200,5,500,2.5,1690,True,True,1.593,62354
2026-09-25 20:49:41,P4-max,200,10,1000,5.0,1690,True,True,0.585,62354
2026-09-25 20:49:41,P4-max,200,100,10000,50.0,1690,True,True,0.584,62354
2026-09-25 20:50:11,P4-max,200,1,100,0.5,1690,True,True,4.872,60818
2026-09-25 20:50:11,P4-max,200,100,10000,50.0,1690,True,True,0.847,60818
2026-09-25 20:50:11,P4-max,200,10,1000,5.0,1690,True,True,0.846,60818
2026-09-25 20:50:11,P4-max,200,5,500,2.5,1690,True,True,0.846,60818
2026-09-25 20:50:11,P4-max,200,1.2,120,0.6,1690,True,True,4.87,60818
2026-09-25 20:50:11,P4-max,200,2,200,1.0,1690,True,True,3.865,60818
2026-09-25 20:50:41,P4-max,200,5,500,2.5,1690,True,True,4.04,55388
2026-09-25 20:50:41,P4-max,200,2,200,1.0,1690,True,True,9.065,55388
2026-09-25 20:50:41,P4-max,200,100,10000,50.0,1690,True,True,1.023,55388
2026-09-25 20:50:41,P4-max,200,10,1000,5.0,1690,True,True,1.023,55388
2026-09-25 20:50:41,P4-max,200,1.2,120,0.6,1690,True,True,11.072,55388
2026-09-25 20:50:41,P4-max,200,1,100,0.5,1690,True,True,5.043,55388
2026-09-25 20:51:11,P4-max,200,5,500,2.5,1690,True,True,2.209,69017
2026-09-25 20:51:11,P4-max,200,2,200,1.0,1690,True,True,5.224,69017
2026-09-25 20:51:11,P4-max,200,1.2,120,0.6,1690,True,True,5.224,69017
2026-09-25 20:51:11,P4-max,200,1,100,0.5,1690,True,True,5.223,69017
2026-09-25 20:51:11,P4-max,200,100,10000,50.0,1690,True,True,1.199,69017
2026-09-25 20:51:11,P4-max,200,10,1000,5.0,1690,True,True,1.199,69017
2026-09-25 20:51:41,P4-max,200,1,100,0.5,1690,True,True,69.812,37319
2026-09-25 20:51:41,P4-max,200,5,500,2.5,1690,True,True,2.386,37319
2026-09-25 20:51:41,P4-max,200,2,200,1.0,1690,True,True,27.519,37319
2026-09-25 20:51:41,P4-max,200,100,10000,50.0,1690,True,True,1.38,37319
2026-09-25 20:51:41,P4-max,200,10,1000,5.0,1690,True,True,1.38,37319
2026-09-25 20:51:41,P4-max,200,1.2,120,0.6,1690,True,True,27.517,37319
2026-09-25 20:52:11,P4-max,200,10,1000,5.0,1690,True,True,1.56,51699
2026-09-25 20:52:11,P4-max,200,1,100,0.5,1690,True,True,11.637,51699
2026-09-25 20:52:11,P4-max,200,100,10000,50.0,1690,True,True,1.559,51699
2026-09-25 20:52:11,P4-max,200,5,500,2.5,1690,True,True,2.565,51699
2026-09-25 20:52:11,P4-max,200,1.2,120,0.6,1690,True,True,7.606,51699
2026-09-25 20:52:11,P4-max,200,2,200,1.0,1690,True,True,6.602,51699
2026-09-25 20:52:41,P4-max,200,1.2,120,0.6,1690,True,True,10.809,46222
2026-09-25 20:52:41,P4-max,200,5,500,2.5,1690,True,True,0.755,46222
2026-09-25 20:52:41,P4-max,200,1,100,0.5,1690,True,True,10.808,46222
2026-09-25 20:52:41,P4-max,200,10,1000,5.0,1690,True,True,0.754,46222
2026-09-25 20:52:41,P4-max,200,2,200,1.0,1690,True,True,4.777,46222
2026-09-25 20:52:41,P4-max,200,100,10000,50.0,1690,True,True,0.753,46222
2026-09-25 20:53:11,P4-max,200,2,200,1.0,1690,True,True,4.953,61646
2026-09-25 20:53:11,P4-max,200,100,10000,50.0,1690,True,True,0.931,61646
2026-09-25 20:53:11,P4-max,200,1.2,120,0.6,1690,True,True,5.962,61646
2026-09-25 20:53:11,P4-max,200,1,100,0.5,1690,True,True,5.961,61646
2026-09-25 20:53:11,P4-max,200,10,1000,5.0,1690,True,True,0.928,61646
2026-09-25 20:53:11,P4-max,200,5,500,2.5,1690,True,True,0.928,61646
2026-09-25 20:53:41,P4-max,200,5,500,2.5,1690,True,True,2.131,55440
2026-09-25 20:53:41,P4-max,200,1,100,0.5,1690,True,True,7.159,55440
2026-09-25 20:53:41,P4-max,200,100,10000,50.0,1690,True,True,2.13,55440
2026-09-25 20:53:41,P4-max,200,1.2,120,0.6,1690,True,True,81.694,55440
2026-09-25 20:53:41,P4-max,200,10,1000,5.0,1690,True,True,2.129,55440
2026-09-25 20:53:41,P4-max,200,2,200,1.0,1690,True,True,9.174,55440
2026-09-25 20:54:11,P4-max,200,1.2,120,0.6,1690,True,True,10.41,50663
2026-09-25 20:54:11,P4-max,200,5,500,2.5,1690,True,True,2.361,50663
2026-09-25 20:54:11,P4-max,200,1,100,0.5,1690,True,True,32.567,50663
2026-09-25 20:54:11,P4-max,200,2,200,1.0,1690,True,True,12.433,50663
2026-09-25 20:54:11,P4-max,200,100,10000,50.0,1690,True,True,1.35,50663
2026-09-25 20:54:11,P4-max,200,10,1000,5.0,1690,True,True,1.35,50663
2026-09-25 20:54:41,P4-max,200,5,500,2.5,1690,True,True,1.562,43564
2026-09-25 20:54:41,P4-max,200,1.2,120,0.6,1690,True,True,8.617,43564
2026-09-25 20:54:41,P4-max,200,10,1000,5.0,1690,True,True,1.561,43564
2026-09-25 20:54:41,P4-max,200,2,200,1.0,1690,True,True,4.577,43564
2026-09-25 20:54:41,P4-max,200,1,100,0.5,1690,True,True,5.586,43564
2026-09-25 20:54:41,P4-max,200,100,10000,50.0,1690,True,True,1.558,43564
2026-09-25 20:55:11,P4-max,200,1,100,0.5,1690,True,True,3.753,41862
2026-09-25 20:55:11,P4-max,200,1.2,120,0.6,1690,True,True,1.745,41862
2026-09-25 20:55:11,P4-max,200,2,200,1.0,1690,True,True,1.744,41862
2026-09-25 20:55:11,P4-max,200,10,1000,5.0,1690,True,True,1.744,41862
2026-09-25 20:55:11,P4-max,200,5,500,2.5,1690,True,True,1.743,41862
2026-09-25 20:55:11,P4-max,200,100,10000,50.0,1690,True,True,1.743,41862
2026-09-25 20:55:41,P4-max,200,2,200,1.0,1690,True,True,23.048,41425
2026-09-25 20:55:41,P4-max,200,100,10000,50.0,1690,True,True,1.919,41425
2026-09-25 20:55:41,P4-max,200,1.2,120,0.6,1690,True,True,6.945,41425
2026-09-25 20:55:41,P4-max,200,5,500,2.5,1690,True,True,1.918,41425
2026-09-25 20:55:41,P4-max,200,10,1000,5.0,1690,True,True,1.918,41425
2026-09-25 20:55:41,P4-max,200,1,100,0.5,1690,True,True,30.09,41425
2026-09-25 20:56:11,P4-max,200,5,500,2.5,1690,True,True,1.099,52546
2026-09-25 20:56:11,P4-max,200,1.2,120,0.6,1690,True,True,2.108,52546
2026-09-25 20:56:11,P4-max,200,1,100,0.5,1690,True,True,3.117,52546
2026-09-25 20:56:11,P4-max,200,10,1000,5.0,1690,True,True,1.098,52546
2026-09-25 20:56:11,P4-max,200,2,200,1.0,1690,True,True,3.116,52546
2026-09-25 20:56:11,P4-max,200,100,10000,50.0,1690,True,True,1.097,52546
2026-09-25 20:56:41,P4-max,200,1,100,0.5,1690,True,True,22.508,49178
2026-09-25 20:56:41,P4-max,200,1.2,120,0.6,1690,True,True,4.39,49178
2026-09-25 20:56:41,P4-max,200,2,200,1.0,1690,True,True,4.389,49178
2026-09-25 20:56:41,P4-max,200,5,500,2.5,1690,True,True,2.372,49178
2026-09-25 20:56:41,P4-max,200,10,1000,5.0,1690,True,True,1.356,49178
2026-09-25 20:56:41,P4-max,200,100,10000,50.0,1690,True,True,1.356,49178
2026-09-25 20:57:11,P4-max,200,100,10000,50.0,1690,True,True,1.562,64909
2026-09-25 20:57:11,P4-max,200,5,500,2.5,1690,True,True,2.566,64909
2026-09-25 20:57:11,P4-max,200,2,200,1.0,1690,True,True,3.574,64909
2026-09-25 20:57:11,P4-max,200,1.2,120,0.6,1690,True,True,3.573,64909
2026-09-25 20:57:11,P4-max,200,1,100,0.5,1690,True,True,5.587,64909
2026-09-25 20:57:11,P4-max,200,10,1000,5.0,1690,True,True,1.56,64909
2026-09-25 20:57:41,P4-max,200,1,100,0.5,1690,True,True,9.776,59040
2026-09-25 20:57:41,P4-max,200,5,500,2.5,1690,True,True,1.715,59040
2026-09-25 20:57:41,P4-max,200,100,10000,50.0,1690,True,True,0.707,59040
2026-09-25 20:57:41,P4-max,200,2,200,1.0,1690,True,True,6.752,59040
2026-09-25 20:57:41,P4-max,200,10,1000,5.0,1690,True,True,0.706,59040
2026-09-25 20:57:41,P4-max,200,1.2,120,0.6,1690,True,True,9.773,59040
2026-09-25 20:58:11,P4-max,200,100,10000,50.0,1690,True,True,0.933,59909
2026-09-25 20:58:11,P4-max,200,10,1000,5.0,1690,True,True,0.933,59909
2026-09-25 20:58:11,P4-max,200,1.2,120,0.6,1690,True,True,6.97,59909
2026-09-25 20:58:11,P4-max,200,5,500,2.5,1690,True,True,2.944,59909
2026-09-25 20:58:11,P4-max,200,1,100,0.5,1690,True,True,15.04,59909
2026-09-25 20:58:11,P4-max,200,2,200,1.0,1690,True,True,5.961,59909
2026-09-25 20:58:41,P4-max,200,1.2,120,0.6,1690,True,True,4.164,56545
2026-09-25 20:58:41,P4-max,200,10,1000,5.0,1690,True,True,1.143,56545
2026-09-25 20:58:41,P4-max,200,1,100,0.5,1690,True,True,5.172,56545
2026-09-25 20:58:41,P4-max,200,100,10000,50.0,1690,True,True,1.142,56545
2026-09-25 20:58:41,P4-max,200,5,500,2.5,1690,True,True,2.149,56545
2026-09-25 20:58:41,P4-max,200,2,200,1.0,1690,True,True,2.148,56545
2026-09-25 20:59:11,P4-max,200,5,500,2.5,1690,True,True,1.316,35838
2026-09-25 20:59:11,P4-max,200,1,100,0.5,1690,True,True,80.83,35838
2026-09-25 20:59:11,P4-max,200,1.2,120,0.6,1690,True,True,10.372,35838
2026-09-25 20:59:11,P4-max,200,2,200,1.0,1690,True,True,11.377,35838
2026-09-25 20:59:11,P4-max,200,100,10000,50.0,1690,True,True,1.314,35838
2026-09-25 20:59:11,P4-max,200,10,1000,5.0,1690,True,True,1.314,35838
2026-09-25 20:59:41,P4-max,200,1.2,120,0.6,1690,True,True,2.541,44575
2026-09-25 20:59:41,P4-max,200,10,1000,5.0,1690,True,True,1.531,44575
2026-09-25 20:59:41,P4-max,200,1,100,0.5,1690,True,True,8.572,44575
2026-09-25 20:59:41,P4-max,200,2,200,1.0,1690,True,True,4.553,44575
2026-09-25 20:59:41,P4-max,200,5,500,2.5,1690,True,True,2.539,44575
2026-09-25 20:59:41,P4-max,200,100,10000,50.0,1690,True,True,1.529,44575
2026-09-25 21:00:11,P4-max,200,100,10000,50.0,1690,True,True,0.715,61961
2026-09-25 21:00:11,P4-max,200,1.2,120,0.6,1690,True,True,10.777,61961
2026-09-25 21:00:11,P4-max,200,5,500,2.5,1690,True,True,1.721,61961
2026-09-25 21:00:11,P4-max,200,10,1000,5.0,1690,True,True,0.713,61961
2026-09-25 21:00:11,P4-max,200,2,200,1.0,1690,True,True,5.741,61961
2026-09-25 21:00:11,P4-max,200,1,100,0.5,1690,True,True,6.744,61961
2026-09-25 21:00:41,P4-max,200,100,10000,50.0,1690,True,True,0.881,49388
2026-09-25 21:00:41,P4-max,200,1.2,120,0.6,1690,True,True,8.934,49388
2026-09-25 21:00:41,P4-max,200,2,200,1.0,1690,True,True,16.995,49388
2026-09-25 21:00:41,P4-max,200,10,1000,5.0,1690,True,True,0.879,49388
2026-09-25 21:00:41,P4-max,200,5,500,2.5,1690,True,True,0.879,49388
2026-09-25 21:00:41,P4-max,200,1,100,0.5,1690,True,True,38.217,49388
2026-09-25 21:01:11,P4-max,200,2,200,1.0,1690,True,True,1.176,53066
2026-09-25 21:01:11,P4-max,200,5,500,2.5,1690,True,True,1.176,53066
2026-09-25 21:01:11,P4-max,200,1.2,120,0.6,1690,True,True,11.235,53066
2026-09-25 21:01:11,P4-max,200,1,100,0.5,1690,True,True,14.255,53066
2026-09-25 21:01:11,P4-max,200,10,1000,5.0,1690,True,True,1.175,53066
2026-09-25 21:01:11,P4-max,200,100,10000,50.0,1690,True,True,1.174,53066
2026-09-25 21:01:41,P4-max,200,100,10000,50.0,1690,True,True,1.368,55739
2026-09-25 21:01:41,P4-max,200,10,1000,5.0,1690,True,True,1.368,55739
2026-09-25 21:01:41,P4-max,200,5,500,2.5,1690,True,True,2.373,55739
2026-09-25 21:01:41,P4-max,200,2,200,1.0,1690,True,True,4.393,55739
2026-09-25 21:01:41,P4-max,200,1.2,120,0.6,1690,True,True,9.421,55739
2026-09-25 21:01:41,P4-max,200,1,100,0.5,1690,True,True,7.412,55739
2026-09-25 21:02:11,P4-max,200,100,10000,50.0,1690,True,True,0.526,54656
2026-09-25 21:02:11,P4-max,200,5,500,2.5,1690,True,True,1.533,54656
2026-09-25 21:02:11,P4-max,200,1,100,0.5,1690,True,True,32.693,54656
2026-09-25 21:02:11,P4-max,200,1.2,120,0.6,1690,True,True,14.603,54656
2026-09-25 21:02:11,P4-max,200,2,200,1.0,1690,True,True,5.556,54656
2026-09-25 21:02:11,P4-max,200,10,1000,5.0,1690,True,True,0.522,54656
2026-09-25 21:02:41,P4-max,200,2,200,1.0,1690,True,True,2.695,68389
2026-09-25 21:02:41,P4-max,200,1.2,120,0.6,1690,True,True,2.695,68389
2026-09-25 21:02:41,P4-max,200,10,1000,5.0,1690,True,True,0.683,68389
2026-09-25 21:02:41,P4-max,200,1,100,0.5,1690,True,True,2.694,68389
2026-09-25 21:02:41,P4-max,200,5,500,2.5,1690,True,True,0.682,68389
2026-09-25 21:02:41,P4-max,200,100,10000,50.0,1690,True,True,0.682,68389
2026-09-25 21:03:11,P4-max,200,5,500,2.5,1690,True,True,0.826,36999
2026-09-25 21:03:11,P4-max,200,2,200,1.0,1690,True,True,0.825,36999
2026-09-25 21:03:11,P4-max,200,10,1000,5.0,1690,True,True,0.825,36999
2026-09-25 21:03:11,P4-max,200,1.2,120,0.6,1690,True,True,28.992,36999
2026-09-25 21:03:11,P4-max,200,1,100,0.5,1690,True,True,46.095,36999
2026-09-25 21:03:11,P4-max,200,100,10000,50.0,1690,True,True,0.823,36999
2026-09-25 21:03:41,P4-max,200,2,200,1.0,1690,True,True,2.009,63571
2026-09-25 21:03:41,P4-max,200,100,10000,50.0,1690,True,True,1.001,63571
2026-09-25 21:03:41,P4-max,200,1.2,120,0.6,1690,True,True,27.156,63571
2026-09-25 21:03:41,P4-max,200,1,100,0.5,1690,True,True,46.277,63571
2026-09-25 21:03:41,P4-max,200,10,1000,5.0,1690,True,True,0.998,63571
2026-09-25 21:03:41,P4-max,200,5,500,2.5,1690,True,True,2.005,63571
2026-09-25 21:04:11,P4-max,200,5,500,2.5,1690,True,True,1.185,55640
2026-09-25 21:04:11,P4-max,200,10,1000,5.0,1690,True,True,1.185,55640
2026-09-25 21:04:11,P4-max,200,2,200,1.0,1690,True,True,1.184,55640
2026-09-25 21:04:11,P4-max,200,1.2,120,0.6,1690,True,True,30.372,55640
2026-09-25 21:04:11,P4-max,200,1,100,0.5,1690,True,True,21.306,55640
2026-09-25 21:04:11,P4-max,200,100,10000,50.0,1690,True,True,1.183,55640
2026-09-25 21:04:41,P4-max,200,5,500,2.5,1690,True,True,2.382,33041
2026-09-25 21:04:41,P4-max,200,10,1000,5.0,1690,True,True,1.374,33041
2026-09-25 21:04:41,P4-max,200,1,100,0.5,1690,True,True,58.759,33041
2026-09-25 21:04:41,P4-max,200,1.2,120,0.6,1690,True,True,50.713,33041
2026-09-25 21:04:41,P4-max,200,2,200,1.0,1690,True,True,28.571,33041
2026-09-25 21:04:41,P4-max,200,100,10000,50.0,1690,True,True,1.37,33041
2026-09-25 21:05:11,P4-max,200,1,100,0.5,1690,True,True,3.608,63619
2026-09-25 21:05:11,P4-max,200,1.2,120,0.6,1690,True,True,33.796,63619
2026-09-25 21:05:11,P4-max,200,100,10000,50.0,1690,True,True,1.591,63619
2026-09-25 21:05:11,P4-max,200,2,200,1.0,1690,True,True,1.59,63619
2026-09-25 21:05:11,P4-max,200,5,500,2.5,1690,True,True,1.59,63619
2026-09-25 21:05:11,P4-max,200,10,1000,5.0,1690,True,True,1.589,63619
2026-09-25 21:05:41,P4-max,200,1,100,0.5,1690,True,True,34.061,50907
2026-09-25 21:05:41,P4-max,200,100,10000,50.0,1690,True,True,0.77,50907
2026-09-25 21:05:41,P4-max,200,1.2,120,0.6,1690,True,True,21.895,50907
2026-09-25 21:05:41,P4-max,200,2,200,1.0,1690,True,True,8.817,50907
2026-09-25 21:05:41,P4-max,200,10,1000,5.0,1690,True,True,0.769,50907
2026-09-25 21:05:41,P4-max,200,5,500,2.5,1690,True,True,1.774,50907
2026-09-25 21:06:11,P4-max,200,10,1000,5.0,1690,True,True,1.032,60270
2026-09-25 21:06:11,P4-max,200,5,500,2.5,1690,True,True,2.04,60270
2026-09-25 21:06:11,P4-max,200,100,10000,50.0,1690,True,True,1.031,60270
2026-09-25 21:06:11,P4-max,200,2,200,1.0,1690,True,True,5.074,60270
2026-09-25 21:06:11,P4-max,200,1.2,120,0.6,1690,True,True,2.039,60270
2026-09-25 21:06:11,P4-max,200,1,100,0.5,1690,True,True,8.1,60270
2026-09-25 21:06:41,P4-max,200,2,200,1.0,1690,True,True,5.277,56208
2026-09-25 21:06:41,P4-max,200,1,100,0.5,1690,True,True,4.265,56208
2026-09-25 21:06:41,P4-max,200,1.2,120,0.6,1690,True,True,3.262,56208
2026-09-25 21:06:41,P4-max,200,10,1000,5.0,1690,True,True,1.246,56208
2026-09-25 21:06:41,P4-max,200,100,10000,50.0,1690,True,True,1.246,56208
2026-09-25 21:06:41,P4-max,200,5,500,2.5,1690,True,True,1.245,56208
2026-09-25 21:07:11,P4-max,200,10,1000,5.0,1690,True,True,1.407,40165
2026-09-25 21:07:11,P4-max,200,2,200,1.0,1690,True,True,2.421,40165
2026-09-25 21:07:11,P4-max,200,1.2,120,0.6,1690,True,True,4.429,40165
2026-09-25 21:07:11,P4-max,200,100,10000,50.0,1690,True,True,1.405,40165
2026-09-25 21:07:11,P4-max,200,1,100,0.5,1690,True,True,4.428,40165
2026-09-25 21:07:11,P4-max,200,5,500,2.5,1690,True,True,1.404,40165
2026-09-25 21:07:41,P4-max,200,2,200,1.0,1690,True,True,3.598,60949
2026-09-25 21:07:41,P4-max,200,1,100,0.5,1690,True,True,5.609,60949
2026-09-25 21:07:41,P4-max,200,10,1000,5.0,1690,True,True,1.583,60949
2026-09-25 21:07:41,P4-max,200,5,500,2.5,1690,True,True,1.583,60949
2026-09-25 21:07:41,P4-max,200,1.2,120,0.6,1690,True,True,1.582,60949
2026-09-25 21:07:41,P4-max,200,100,10000,50.0,1690,True,True,0.576,60949
2026-09-25 21:08:11,P4-max,200,1,100,0.5,1690,True,True,11.815,38237
2026-09-25 21:08:11,P4-max,200,100,10000,50.0,1690,True,True,0.748,38237
2026-09-25 21:08:11,P4-max,200,1.2,120,0.6,1690,True,True,8.796,38237
2026-09-25 21:08:11,P4-max,200,10,1000,5.0,1690,True,True,0.747,38237
2026-09-25 21:08:11,P4-max,200,5,500,2.5,1690,True,True,0.747,38237
2026-09-25 21:08:11,P4-max,200,2,200,1.0,1690,True,True,11.813,38237
2026-09-25 21:08:41,P4-max,200,5,500,2.5,1690,True,True,0.921,61739
2026-09-25 21:08:41,P4-max,200,2,200,1.0,1690,True,True,4.94,61739
2026-09-25 21:08:41,P4-max,200,1.2,120,0.6,1690,True,True,12.985,61739
2026-09-25 21:08:41,P4-max,200,1,100,0.5,1690,True,True,10.972,61739
2026-09-25 21:08:41,P4-max,200,100,10000,50.0,1690,True,True,0.917,61739
2026-09-25 21:08:41,P4-max,200,10,1000,5.0,1690,True,True,0.917,61739
2026-09-25 21:09:11,P4-max,200,1,100,0.5,1690,True,True,12.157,50659
2026-09-25 21:09:11,P4-max,200,5,500,2.5,1690,True,True,3.101,50659
2026-09-25 21:09:11,P4-max,200,1.2,120,0.6,1690,True,True,12.156,50659
2026-09-25 21:09:11,P4-max,200,2,200,1.0,1690,True,True,3.1,50659
2026-09-25 21:09:11,P4-max,200,10,1000,5.0,1690,True,True,1.084,50659
2026-09-25 21:09:11,P4-max,200,100,10000,50.0,1690,True,True,1.083,50659
2026-09-25 21:09:41,P4-max,200,1,100,0.5,1690,True,True,2.279,56308
2026-09-25 21:09:41,P4-max,200,100,10000,50.0,1690,True,True,1.273,56308
2026-09-25 21:09:41,P4-max,200,5,500,2.5,1690,True,True,1.272,56308
2026-09-25 21:09:41,P4-max,200,1.2,120,0.6,1690,True,True,2.278,56308
2026-09-25 21:09:41,P4-max,200,10,1000,5.0,1690,True,True,1.271,56308
2026-09-25 21:09:41,P4-max,200,2,200,1.0,1690,True,True,1.271,56308
2026-09-25 21:10:11,P4-max,200,100,10000,50.0,1690,True,True,0.446,46139
2026-09-25 21:10:11,P4-max,200,5,500,2.5,1690,True,True,2.461,46139
2026-09-25 21:10:11,P4-max,200,10,1000,5.0,1690,True,True,0.445,46139
2026-09-25 21:10:11,P4-max,200,2,200,1.0,1690,True,True,8.504,46139
2026-09-25 21:10:11,P4-max,200,1,100,0.5,1690,True,True,125.247,46139
2026-09-25 21:10:11,P4-max,200,1.2,120,0.6,1690,True,True,47.745,46139
2026-09-25 21:10:41,P4-max,200,100,10000,50.0,1690,True,True,0.649,51256
2026-09-25 21:10:41,P4-max,200,1,100,0.5,1690,True,True,3.661,51256
2026-09-25 21:10:41,P4-max,200,5,500,2.5,1690,True,True,1.653,51256
2026-09-25 21:10:41,P4-max,200,10,1000,5.0,1690,True,True,0.647,51256
2026-09-25 21:10:41,P4-max,200,2,200,1.0,1690,True,True,2.656,51256
2026-09-25 21:10:41,P4-max,200,1.2,120,0.6,1690,True,True,5.673,51256
2026-09-25 21:11:11,P4-max,200,10,1000,5.0,1690,True,True,1.865,56852
2026-09-25 21:11:11,P4-max,200,5,500,2.5,1690,True,True,1.864,56852
2026-09-25 21:11:11,P4-max,200,2,200,1.0,1690,True,True,6.904,56852
2026-09-25 21:11:11,P4-max,200,100,10000,50.0,1690,True,True,1.863,56852
2026-09-25 21:11:11,P4-max,200,1.2,120,0.6,1690,True,True,6.903,56852
2026-09-25 21:11:11,P4-max,200,1,100,0.5,1690,True,True,3.887,56852
2026-09-25 21:11:41,P4-max,200,5,500,2.5,1690,True,True,1.037,77484
2026-09-25 21:11:41,P4-max,200,1,100,0.5,1690,True,True,29.212,77484
2026-09-25 21:11:41,P4-max,200,10,1000,5.0,1690,True,True,1.036,77484
2026-09-25 21:11:41,P4-max,200,1.2,120,0.6,1690,True,True,10.097,77484
2026-09-25 21:11:41,P4-max,200,2,200,1.0,1690,True,True,3.048,77484
2026-09-25 21:11:41,P4-max,200,100,10000,50.0,1690,True,True,1.033,77484
2026-09-25 21:12:11,P4-max,200,100,10000,50.0,1690,True,True,1.223,51014
2026-09-25 21:12:11,P4-max,200,5,500,2.5,1690,True,True,1.223,51014
2026-09-25 21:12:11,P4-max,200,2,200,1.0,1690,True,True,7.262,51014
2026-09-25 21:12:11,P4-max,200,1.2,120,0.6,1690,True,True,8.273,51014
2026-09-25 21:12:11,P4-max,200,1,100,0.5,1690,True,True,11.3,51014
2026-09-25 21:12:11,P4-max,200,10,1000,5.0,1690,True,True,1.221,51014
2026-09-25 21:12:41,P4-max,200,5,500,2.5,1690,True,True,1.404,70422
2026-09-25 21:12:41,P4-max,200,2,200,1.0,1690,True,True,8.437,70422
2026-09-25 21:12:41,P4-max,200,10,1000,5.0,1690,True,True,1.402,70422
2026-09-25 21:12:41,P4-max,200,1.2,120,0.6,1690,True,True,17.481,70422
2026-09-25 21:12:41,P4-max,200,1,100,0.5,1690,True,True,37.586,70422
2026-09-25 21:12:41,P4-max,200,100,10000,50.0,1690,True,True,1.401,70422
2026-09-25 21:13:11,P4-max,200,100,10000,50.0,1690,True,True,0.557,80781
2026-09-25 21:13:11,P4-max,200,10,1000,5.0,1690,True,True,1.563,80781
2026-09-25 21:13:11,P4-max,200,5,500,2.5,1690,True,True,2.567,80781
2026-09-25 21:13:11,P4-max,200,2,200,1.0,1690,True,True,2.566,80781
2026-09-25 21:13:11,P4-max,200,1.2,120,0.6,1690,True,True,10.595,80781
2026-09-25 21:13:11,P4-max,200,1,100,0.5,1690,True,True,24.668,80781
2026-09-25 21:13:41,P4-max,200,5,500,2.5,1690,True,True,1.704,66563
2026-09-25 21:13:41,P4-max,200,100,10000,50.0,1690,True,True,1.703,66563
2026-09-25 21:13:41,P4-max,200,2,200,1.0,1690,True,True,1.703,66563
2026-09-25 21:13:41,P4-max,200,10,1000,5.0,1690,True,True,1.702,66563
2026-09-25 21:13:41,P4-max,200,1.2,120,0.6,1690,True,True,6.725,66563
2026-09-25 21:13:41,P4-max,200,1,100,0.5,1690,True,True,3.712,66563
2026-09-25 21:14:11,P4-max,200,2,200,1.0,1690,True,True,5.875,40121
2026-09-25 21:14:11,P4-max,200,1,100,0.5,1690,True,True,11.902,40121
2026-09-25 21:14:11,P4-max,200,100,10000,50.0,1690,True,True,0.84,40121
2026-09-25 21:14:11,P4-max,200,1.2,120,0.6,1690,True,True,2.856,40121
2026-09-25 21:14:11,P4-max,200,5,500,2.5,1690,True,True,0.839,40121
2026-09-25 21:14:11,P4-max,200,10,1000,5.0,1690,True,True,0.839,40121
2026-09-25 21:14:41,P4-max,200,1.2,120,0.6,1690,True,True,4.011,42175
2026-09-25 21:14:41,P4-max,200,1,100,0.5,1690,True,True,13.05,42175
2026-09-25 21:14:41,P4-max,200,100,10000,50.0,1690,True,True,0.993,42175
2026-09-25 21:14:41,P4-max,200,10,1000,5.0,1690,True,True,0.992,42175
2026-09-25 21:14:41,P4-max,200,5,500,2.5,1690,True,True,3.003,42175
2026-09-25 21:14:41,P4-max,200,2,200,1.0,1690,True,True,5.013,42175
2026-09-25 21:15:11,P4-max,200,1,100,0.5,1690,True,True,28.315,40344
2026-09-25 21:15:11,P4-max,200,1.2,120,0.6,1690,True,True,10.191,40344
2026-09-25 21:15:11,P4-max,200,2,200,1.0,1690,True,True,8.18,40344
2026-09-25 21:15:11,P4-max,200,5,500,2.5,1690,True,True,1.131,40344
2026-09-25 21:15:11,P4-max,200,10,1000,5.0,1690,True,True,1.131,40344
2026-09-25 21:15:11,P4-max,200,100,10000,50.0,1690,True,True,1.131,40344
2026-09-25 21:15:41,P4-max,200,5,500,2.5,1690,True,True,1.326,73934
2026-09-25 21:15:41,P4-max,200,2,200,1.0,1690,True,True,4.34,73934
2026-09-25 21:15:41,P4-max,200,100,10000,50.0,1690,True,True,1.325,73934
2026-09-25 21:15:41,P4-max,200,1,100,0.5,1690,True,True,28.458,73934
2026-09-25 21:15:41,P4-max,200,1.2,120,0.6,1690,True,True,4.338,73934
2026-09-25 21:15:41,P4-max,200,10,1000,5.0,1690,True,True,1.324,73934
2026-09-25 21:16:11,P4-max,200,1,100,0.5,1690,True,True,34.713,42123
2026-09-25 21:16:11,P4-max,200,100,10000,50.0,1690,True,True,1.47,42123
2026-09-25 21:16:11,P4-max,200,1.2,120,0.6,1690,True,True,60.893,42123
2026-09-25 21:16:11,P4-max,200,2,200,1.0,1690,True,True,2.474,42123
2026-09-25 21:16:11,P4-max,200,10,1000,5.0,1690,True,True,1.468,42123
2026-09-25 21:16:11,P4-max,200,5,500,2.5,1690,True,True,4.485,42123
2026-09-25 21:16:41,P4-max,200,2,200,1.0,1690,True,True,2.703,72273
2026-09-25 21:16:41,P4-max,200,5,500,2.5,1690,True,True,2.702,72273
2026-09-25 21:16:41,P4-max,200,100,10000,50.0,1690,True,True,0.685,72273
2026-09-25 21:16:41,P4-max,200,1.2,120,0.6,1690,True,True,3.708,72273
2026-09-25 21:16:41,P4-max,200,10,1000,5.0,1690,True,True,0.684,72273
2026-09-25 21:16:41,P4-max,200,1,100,0.5,1690,True,True,5.717,72273
2026-09-25 21:17:11,P4-max,200,10,1000,5.0,1690,True,True,0.895,45896
2026-09-25 21:17:11,P4-max,200,5,500,2.5,1690,True,True,0.894,45896
2026-09-25 21:17:11,P4-max,200,2,200,1.0,1690,True,True,5.93,45896
2026-09-25 21:17:11,P4-max,200,1.2,120,0.6,1690,True,True,6.938,45896
2026-09-25 21:17:11,P4-max,200,100,10000,50.0,1690,True,True,0.891,45896
2026-09-25 21:17:11,P4-max,200,1,100,0.5,1690,True,True,6.935,45896
2026-09-25 21:17:41,P4-max,200,100,10000,50.0,1690,True,True,1.093,78462
2026-09-25 21:17:41,P4-max,200,10,1000,5.0,1690,True,True,1.093,78462
2026-09-25 21:17:41,P4-max,200,5,500,2.5,1690,True,True,2.097,78462
2026-09-25 21:17:41,P4-max,200,2,200,1.0,1690,True,True,8.129,78462
2026-09-25 21:17:41,P4-max,200,1.2,120,0.6,1690,True,True,3.101,78462
2026-09-25 21:17:41,P4-max,200,1,100,0.5,1690,True,True,67.548,78462
2026-09-25 21:18:11,P4-max,200,1,100,0.5,1690,True,True,17.388,50279
2026-09-25 21:18:11,P4-max,200,5,500,2.5,1690,True,True,1.281,50279
2026-09-25 21:18:11,P4-max,200,100,10000,50.0,1690,True,True,1.28,50279
2026-09-25 21:18:11,P4-max,200,1.2,120,0.6,1690,True,True,11.347,50279
2026-09-25 21:18:11,P4-max,200,2,200,1.0,1690,True,True,4.297,50279
2026-09-25 21:18:11,P4-max,200,10,1000,5.0,1690,True,True,1.276,50279
2026-09-25 21:18:41,P4-max,200,10,1000,5.0,1690,True,True,0.485,70001
2026-09-25 21:18:41,P4-max,200,5,500,2.5,1690,True,True,0.484,70001
2026-09-25 21:18:41,P4-max,200,2,200,1.0,1690,True,True,6.534,70001
2026-09-25 21:18:41,P4-max,200,1.2,120,0.6,1690,True,True,11.569,70001
2026-09-25 21:18:41,P4-max,200,1,100,0.5,1690,True,True,42.776,70001
2026-09-25 21:18:41,P4-max,200,100,10000,50.0,1690,True,True,0.482,70001
2026-09-25 21:19:11,P4-max,200,10,1000,5.0,1690,True,True,0.693,45540
2026-09-25 21:19:11,P4-max,200,5,500,2.5,1690,True,True,3.717,45540
2026-09-25 21:19:11,P4-max,200,2,200,1.0,1690,True,True,3.715,45540
2026-09-25 21:19:11,P4-max,200,1.2,120,0.6,1690,True,True,13.78,45540
2026-09-25 21:19:11,P4-max,200,1,100,0.5,1690,True,True,25.848,45540
2026-09-25 21:19:11,P4-max,200,100,10000,50.0,1690,True,True,0.686,45540
2026-09-25 21:19:41,P4-max,200,1,100,0.5,1690,True,True,14.98,75210
2026-09-25 21:19:41,P4-max,200,1.2,120,0.6,1690,True,True,4.923,75210
2026-09-25 21:19:41,P4-max,200,2,200,1.0,1690,True,True,1.904,75210
2026-09-25 21:19:41,P4-max,200,5,500,2.5,1690,True,True,1.904,75210
2026-09-25 21:19:41,P4-max,200,10,1000,5.0,1690,True,True,0.898,75210
2026-09-25 21:19:41,P4-max,200,100,10000,50.0,1690,True,True,0.898,75210
2026-09-25 21:20:11,P4-max,200,5,500,2.5,1690,True,True,2.061,45212
2026-09-25 21:20:11,P4-max,200,1,100,0.5,1690,True,True,77.498,45212
2026-09-25 21:20:11,P4-max,200,100,10000,50.0,1690,True,True,1.056,45212
2026-09-25 21:20:11,P4-max,200,10,1000,5.0,1690,True,True,1.056,45212
2026-09-25 21:20:11,P4-max,200,2,200,1.0,1690,True,True,17.135,45212
2026-09-25 21:20:11,P4-max,200,1.2,120,0.6,1690,True,True,4.068,45212
2026-09-25 21:20:41,P4-max,200,5,500,2.5,1690,True,True,2.235,49693
2026-09-25 21:20:41,P4-max,200,10,1000,5.0,1690,True,True,1.226,49693
2026-09-25 21:20:41,P4-max,200,2,200,1.0,1690,True,True,26.376,49693
2026-09-25 21:20:41,P4-max,200,1.2,120,0.6,1690,True,True,92.755,49693
2026-09-25 21:20:41,P4-max,200,100,10000,50.0,1690,True,True,1.224,49693
2026-09-25 21:20:41,P4-max,200,1,100,0.5,1690,True,True,48.501,49693
2026-09-25 21:21:11,P4-max,200,2,200,1.0,1690,True,True,2.404,56261
2026-09-25 21:21:11,P4-max,200,5,500,2.5,1690,True,True,2.403,56261
2026-09-25 21:21:11,P4-max,200,1.2,120,0.6,1690,True,True,16.487,56261
2026-09-25 21:21:11,P4-max,200,10,1000,5.0,1690,True,True,1.398,56261
2026-09-25 21:21:11,P4-max,200,100,10000,50.0,1690,True,True,1.398,56261
2026-09-25 21:21:11,P4-max,200,1,100,0.5,1690,True,True,6.424,56261
2026-09-25 21:21:41,P4-max,200,1,100,0.5,1690,True,True,5.583,41717
2026-09-25 21:21:41,P4-max,200,1.2,120,0.6,1690,True,True,9.601,41717
2026-09-25 21:21:41,P4-max,200,5,500,2.5,1690,True,True,3.571,41717
2026-09-25 21:21:41,P4-max,200,100,10000,50.0,1690,True,True,1.562,41717
2026-09-25 21:21:41,P4-max,200,2,200,1.0,1690,True,True,6.585,41717
2026-09-25 21:21:41,P4-max,200,10,1000,5.0,1690,True,True,1.561,41717
2026-09-25 21:22:11,P4-max,200,5,500,2.5,1690,True,True,2.752,25640
2026-09-25 21:22:11,P4-max,200,1,100,0.5,1690,True,True,11.814,25640
2026-09-25 21:22:11,P4-max,200,1.2,120,0.6,1690,True,True,5.774,25640
2026-09-25 21:22:11,P4-max,200,100,10000,50.0,1690,True,True,0.737,25640
2026-09-25 21:22:11,P4-max,200,10,1000,5.0,1690,True,True,0.737,25640
2026-09-25 21:22:11,P4-max,200,2,200,1.0,1690,True,True,2.749,25640
2026-09-25 21:22:41,P4-max,200,5,500,2.5,1690,True,True,2.93,52325
2026-09-25 21:22:41,P4-max,200,2,200,1.0,1690,True,True,9.955,52325
2026-09-25 21:22:41,P4-max,200,1.2,120,0.6,1690,True,True,7.948,52325
2026-09-25 21:22:41,P4-max,200,1,100,0.5,1690,True,True,20.004,52325
2026-09-25 21:22:41,P4-max,200,100,10000,50.0,1690,True,True,1.924,52325
2026-09-25 21:22:41,P4-max,200,10,1000,5.0,1690,True,True,1.923,52325
2026-09-25 21:23:11,P4-max,200,5,500,2.5,1690,True,True,1.069,51359
2026-09-25 21:23:11,P4-max,200,2,200,1.0,1690,True,True,10.14,51359
2026-09-25 21:23:11,P4-max,200,1.2,120,0.6,1690,True,True,5.101,51359
2026-09-25 21:23:11,P4-max,200,1,100,0.5,1690,True,True,3.078,51359
2026-09-25 21:23:11,P4-max,200,10,1000,5.0,1690,True,True,1.066,51359
2026-09-25 21:23:11,P4-max,200,100,10000,50.0,1690,True,True,1.066,51359
2026-09-25 21:23:41,P4-max,200,100,10000,50.0,1690,True,True,1.242,48918
2026-09-25 21:23:41,P4-max,200,10,1000,5.0,1690,True,True,1.242,48918
2026-09-25 21:23:41,P4-max,200,5,500,2.5,1690,True,True,1.24,48918
2026-09-25 21:23:41,P4-max,200,2,200,1.0,1690,True,True,3.254,48918
2026-09-25 21:23:41,P4-max,200,1.2,120,0.6,1690,True,True,7.27,48918
2026-09-25 21:23:41,P4-max,200,1,100,0.5,1690,True,True,13.3,48918
2026-09-25 21:24:11,P4-max,200,1,100,0.5,1690,True,True,43.674,56399
2026-09-25 21:24:11,P4-max,200,1.2,120,0.6,1690,True,True,12.436,56399
2026-09-25 21:24:11,P4-max,200,10,1000,5.0,1690,True,True,2.388,56399
2026-09-25 21:24:11,P4-max,200,5,500,2.5,1690,True,True,2.388,56399
2026-09-25 21:24:11,P4-max,200,2,200,1.0,1690,True,True,10.426,56399
2026-09-25 21:24:11,P4-max,200,100,10000,50.0,1690,True,True,1.381,56399
2026-09-25 21:24:41,P4-max,200,10,1000,5.0,1690,True,True,1.594,51935
2026-09-25 21:24:41,P4-max,200,5,500,2.5,1690,True,True,1.593,51935
2026-09-25 21:24:41,P4-max,200,100,10000,50.0,1690,True,True,1.593,51935
2026-09-25 21:24:41,P4-max,200,1,100,0.5,1690,True,True,131.506,51935
2026-09-25 21:24:41,P4-max,200,1.2,120,0.6,1690,True,True,21.72,51935
2026-09-25 21:24:41,P4-max,200,2,200,1.0,1690,True,True,7.622,51935
2026-09-25 21:25:11,P4-max,200,1,100,0.5,1690,True,True,30.067,60013
2026-09-25 21:25:11,P4-max,200,1.2,120,0.6,1690,True,True,18.991,60013
2026-09-25 21:25:11,P4-max,200,100,10000,50.0,1690,True,True,0.859,60013
2026-09-25 21:25:11,P4-max,200,2,200,1.0,1690,True,True,1.866,60013
2026-09-25 21:25:11,P4-max,200,5,500,2.5,1690,True,True,1.865,60013
2026-09-25 21:25:11,P4-max,200,10,1000,5.0,1690,True,True,0.858,60013
2026-09-25 21:25:41,P4-max,200,5,500,2.5,1690,True,True,1.071,64540
2026-09-25 21:25:41,P4-max,200,1.2,120,0.6,1690,True,True,7.114,64540
2026-09-25 21:25:41,P4-max,200,2,200,1.0,1690,True,True,5.096,64540
2026-09-25 21:25:41,P4-max,200,1,100,0.5,1690,True,True,3.08,64540
2026-09-25 21:25:41,P4-max,200,100,10000,50.0,1690,True,True,1.069,64540
2026-09-25 21:25:41,P4-max,200,10,1000,5.0,1690,True,True,1.069,64540
2026-09-25 21:26:11,P4-max,200,100,10000,50.0,1690,True,True,1.259,40795
2026-09-25 21:26:11,P4-max,200,1.2,120,0.6,1690,True,True,10.299,40795
2026-09-25 21:26:11,P4-max,200,5,500,2.5,1690,True,True,2.261,40795
2026-09-25 21:26:11,P4-max,200,10,1000,5.0,1690,True,True,1.258,40795
2026-09-25 21:26:11,P4-max,200,2,200,1.0,1690,True,True,8.29,40795
2026-09-25 21:26:11,P4-max,200,1,100,0.5,1690,True,True,28.413,40795
2026-09-25 21:26:41,P4-max,200,1,100,0.5,1690,True,True,51.719,63580
2026-09-25 21:26:41,P4-max,200,100,10000,50.0,1690,True,True,0.43,63580
2026-09-25 21:26:41,P4-max,200,5,500,2.5,1690,True,True,3.448,63580
2026-09-25 21:26:41,P4-max,200,1.2,120,0.6,1690,True,True,26.58,63580
2026-09-25 21:26:41,P4-max,200,10,1000,5.0,1690,True,True,0.429,63580
2026-09-25 21:26:41,P4-max,200,2,200,1.0,1690,True,True,6.473,63580
2026-09-25 21:27:11,P4-max,200,1.2,120,0.6,1690,True,True,4.627,38199
2026-09-25 21:27:11,P4-max,200,10,1000,5.0,1690,True,True,1.608,38199
2026-09-25 21:27:11,P4-max,200,100,10000,50.0,1690,True,True,1.608,38199
2026-09-25 21:27:11,P4-max,200,2,200,1.0,1690,True,True,4.626,38199
2026-09-25 21:27:11,P4-max,200,5,500,2.5,1690,True,True,1.607,38199
2026-09-25 21:27:11,P4-max,200,1,100,0.5,1690,True,True,4.625,38199
2026-09-25 21:27:41,P4-max,200,5,500,2.5,1690,True,True,0.819,58422
2026-09-25 21:27:41,P4-max,200,1,100,0.5,1690,True,True,3.832,58422
2026-09-25 21:27:41,P4-max,200,2,200,1.0,1690,True,True,1.824,58422
2026-09-25 21:27:41,P4-max,200,10,1000,5.0,1690,True,True,0.818,58422
2026-09-25 21:27:41,P4-max,200,1.2,120,0.6,1690,True,True,2.827,58422
2026-09-25 21:27:41,P4-max,200,100,10000,50.0,1690,True,True,0.817,58422
2026-09-25 21:28:11,P4-max,200,1,100,0.5,1690,True,True,16.12,51421
2026-09-25 21:28:11,P4-max,200,1.2,120,0.6,1690,True,True,12.093,51421
2026-09-25 21:28:11,P4-max,200,2,200,1.0,1690,True,True,5.053,51421
2026-09-25 21:28:11,P4-max,200,5,500,2.5,1690,True,True,2.032,51421
2026-09-25 21:28:11,P4-max,200,10,1000,5.0,1690,True,True,1.018,51421
2026-09-25 21:28:11,P4-max,200,100,10000,50.0,1690,True,True,1.018,51421
2026-09-25 21:28:41,P4-max,200,10,1000,5.0,1690,True,True,1.252,53227
2026-09-25 21:28:41,P4-max,200,1.2,120,0.6,1690,True,True,31.407,53227
2026-09-25 21:28:41,P4-max,200,5,500,2.5,1690,True,True,2.261,53227
2026-09-25 21:28:41,P4-max,200,1,100,0.5,1690,True,True,25.381,53227
2026-09-25 21:28:41,P4-max,200,2,200,1.0,1690,True,True,2.258,53227
2026-09-25 21:28:41,P4-max,200,100,10000,50.0,1690,True,True,1.247,53227
2026-09-25 21:29:11,P4-max,200,2,200,1.0,1690,True,True,2.413,72401
2026-09-25 21:29:11,P4-max,200,100,10000,50.0,1690,True,True,1.407,72401
2026-09-25 21:29:11,P4-max,200,1.2,120,0.6,1690,True,True,8.452,72401
2026-09-25 21:29:11,P4-max,200,1,100,0.5,1690,True,True,8.452,72401
2026-09-25 21:29:11,P4-max,200,10,1000,5.0,1690,True,True,1.406,72401
2026-09-25 21:29:11,P4-max,200,5,500,2.5,1690,True,True,2.411,72401
2026-09-25 21:29:41,P4-max,200,5,500,2.5,1690,True,True,2.587,28779
2026-09-25 21:29:41,P4-max,200,1,100,0.5,1690,True,True,2.586,28779
2026-09-25 21:29:41,P4-max,200,100,10000,50.0,1690,True,True,1.579,28779
2026-09-25 21:29:41,P4-max,200,10,1000,5.0,1690,True,True,1.578,28779
2026-09-25 21:29:41,P4-max,200,1.2,120,0.6,1690,True,True,1.578,28779
2026-09-25 21:29:41,P4-max,200,2,200,1.0,1690,True,True,10.641,28779
2026-09-25 21:30:11,P4-max,200,1.2,120,0.6,1690,True,True,5.815,57502
2026-09-25 21:30:11,P4-max,200,100,10000,50.0,1690,True,True,1.792,57502
2026-09-25 21:30:11,P4-max,200,1,100,0.5,1690,True,True,5.814,57502
2026-09-25 21:30:11,P4-max,200,10,1000,5.0,1690,True,True,1.791,57502
2026-09-25 21:30:11,P4-max,200,2,200,1.0,1690,True,True,3.805,57502
2026-09-25 21:30:11,P4-max,200,5,500,2.5,1690,True,True,1.79,57502
2026-09-25 21:30:41,P4-max,200,1,100,0.5,1690,True,True,55.326,47833
2026-09-25 21:30:41,P4-max,200,1.2,120,0.6,1690,True,True,49.274,47833
2026-09-25 21:30:41,P4-max,200,100,10000,50.0,1690,True,True,0.981,47833
2026-09-25 21:30:41,P4-max,200,2,200,1.0,1690,True,True,8.027,47833
2026-09-25 21:30:41,P4-max,200,10,1000,5.0,1690,True,True,0.977,47833
2026-09-25 21:30:41,P4-max,200,5,500,2.5,1690,True,True,0.977,47833
2026-09-25 21:31:11,P4-max,200,1.2,120,0.6,1690,True,True,20.282,54366
2026-09-25 21:31:11,P4-max,200,1,100,0.5,1690,True,True,8.194,54366
2026-09-25 21:31:11,P4-max,200,2,200,1.0,1690,True,True,8.194,54366
2026-09-25 21:31:11,P4-max,200,5,500,2.5,1690,True,True,1.157,54366
2026-09-25 21:31:11,P4-max,200,100,10000,50.0,1690,True,True,1.157,54366
2026-09-25 21:31:11,P4-max,200,10,1000,5.0,1690,True,True,1.156,54366
2026-09-25 21:31:41,P4-max,200,5,500,2.5,1690,True,True,1.354,38363
2026-09-25 21:31:41,P4-max,200,100,10000,50.0,1690,True,True,1.354,38363
2026-09-25 21:31:41,P4-max,200,2,200,1.0,1690,True,True,4.367,38363
2026-09-25 21:31:41,P4-max,200,10,1000,5.0,1690,True,True,1.353,38363
2026-09-25 21:31:41,P4-max,200,1.2,120,0.6,1690,True,True,11.411,38363
2026-09-25 21:31:41,P4-max,200,1,100,0.5,1690,True,True,14.428,38363
2026-09-25 21:32:11,P4-max,200,1,100,0.5,1690,True,True,11.581,48537
2026-09-25 21:32:11,P4-max,200,1.2,120,0.6,1690,True,True,11.58,48537
2026-09-25 21:32:11,P4-max,200,5,500,2.5,1690,True,True,2.522,48537
2026-09-25 21:32:11,P4-max,200,10,1000,5.0,1690,True,True,2.522,48537
2026-09-25 21:32:11,P4-max,200,2,200,1.0,1690,True,True,3.531,48537
2026-09-25 21:32:11,P4-max,200,100,10000,50.0,1690,True,True,1.512,48537
2026-09-25 21:32:41,P4-max,200,1.2,120,0.6,1690,True,True,5.778,64784
2026-09-25 21:32:41,P4-max,200,10,1000,5.0,1690,True,True,1.756,64784
2026-09-25 21:32:41,P4-max,200,1,100,0.5,1690,True,True,5.777,64784
2026-09-25 21:32:41,P4-max,200,2,200,1.0,1690,True,True,2.761,64784
2026-09-25 21:32:41,P4-max,200,5,500,2.5,1690,True,True,2.76,64784
2026-09-25 21:32:41,P4-max,200,100,10000,50.0,1690,True,True,1.754,64784
2026-09-25 21:33:11,P4-max,200,100,10000,50.0,1690,True,True,0.904,44512
2026-09-25 21:33:11,P4-max,200,5,500,2.5,1690,True,True,0.904,44512
2026-09-25 21:33:11,P4-max,200,2,200,1.0,1690,True,True,5.936,44512
2026-09-25 21:33:11,P4-max,200,1.2,120,0.6,1690,True,True,9.955,44512
2026-09-25 21:33:11,P4-max,200,10,1000,5.0,1690,True,True,0.902,44512
2026-09-25 21:33:11,P4-max,200,1,100,0.5,1690,True,True,11.962,44512
2026-09-25 21:33:41,P4-max,200,10,1000,5.0,1690,True,True,1.065,49976
2026-09-25 21:33:41,P4-max,200,100,10000,50.0,1690,True,True,1.064,49976
2026-09-25 21:33:41,P4-max,200,1,100,0.5,1690,True,True,8.103,49976
2026-09-25 21:33:41,P4-max,200,1.2,120,0.6,1690,True,True,9.107,49976
2026-09-25 21:33:41,P4-max,200,2,200,1.0,1690,True,True,3.074,49976
2026-09-25 21:33:41,P4-max,200,5,500,2.5,1690,True,True,1.062,49976
2026-09-25 21:34:11,P4-max,200,1,100,0.5,1690,True,True,9.263,46727
2026-09-25 21:34:11,P4-max,200,1.2,120,0.6,1690,True,True,4.239,46727
2026-09-25 21:34:11,P4-max,200,2,200,1.0,1690,True,True,3.23,46727
2026-09-25 21:34:11,P4-max,200,5,500,2.5,1690,True,True,2.221,46727
2026-09-25 21:34:11,P4-max,200,10,1000,5.0,1690,True,True,1.217,46727
2026-09-25 21:34:11,P4-max,200,100,10000,50.0,1690,True,True,1.216,46727
2026-09-25 21:34:41,P4-max,200,100,10000,50.0,1690,True,True,0.414,77944
2026-09-25 21:34:41,P4-max,200,5,500,2.5,1690,True,True,0.414,77944
2026-09-25 21:34:41,P4-max,200,1.2,120,0.6,1690,True,True,18.532,77944
2026-09-25 21:34:41,P4-max,200,1,100,0.5,1690,True,True,29.591,77944
2026-09-25 21:34:41,P4-max,200,10,1000,5.0,1690,True,True,0.412,77944
2026-09-25 21:34:41,P4-max,200,2,200,1.0,1690,True,True,2.422,77944
2026-09-25 21:35:11,P4-max,200,1,100,0.5,1690,True,True,36.805,59015
2026-09-25 21:35:11,P4-max,200,5,500,2.5,1690,True,True,1.6,59015
2026-09-25 21:35:11,P4-max,200,1.2,120,0.6,1690,True,True,18.699,59015
2026-09-25 21:35:11,P4-max,200,10,1000,5.0,1690,True,True,1.599,59015
2026-09-25 21:35:11,P4-max,200,2,200,1.0,1690,True,True,10.656,59015
2026-09-25 21:35:11,P4-max,200,100,10000,50.0,1690,True,True,1.598,59015
2026-09-25 21:35:41,P4-max,200,1,100,0.5,1690,True,True,5.8,58431
2026-09-25 21:35:41,P4-max,200,5,500,2.5,1690,True,True,2.779,58431
2026-09-25 21:35:41,P4-max,200,2,200,1.0,1690,True,True,2.779,58431
2026-09-25 21:35:41,P4-max,200,1.2,120,0.6,1690,True,True,5.798,58431
2026-09-25 21:35:41,P4-max,200,10,1000,5.0,1690,True,True,1.771,58431
2026-09-25 21:35:41,P4-max,200,100,10000,50.0,1690,True,True,1.77,58431
2026-09-25 21:36:11,P4-max,200,1,100,0.5,1690,True,True,8.036,66504
2026-09-25 21:36:11,P4-max,200,100,10000,50.0,1690,True,True,0.971,66504
2026-09-25 21:36:11,P4-max,200,2,200,1.0,1690,True,True,3.987,66504
2026-09-25 21:36:11,P4-max,200,1.2,120,0.6,1690,True,True,11.053,66504
2026-09-25 21:36:11,P4-max,200,10,1000,5.0,1690,True,True,0.97,66504
2026-09-25 21:36:11,P4-max,200,5,500,2.5,1690,True,True,1.974,66504
2026-09-25 21:36:41,P4-max,200,1.2,120,0.6,1690,True,True,36.399,35638
2026-09-25 21:36:41,P4-max,200,1,100,0.5,1690,True,True,21.312,35638
2026-09-25 21:36:41,P4-max,200,100,10000,50.0,1690,True,True,1.172,35638
2026-09-25 21:36:41,P4-max,200,10,1000,5.0,1690,True,True,1.172,35638
2026-09-25 21:36:41,P4-max,200,2,200,1.0,1690,True,True,4.2,35638
2026-09-25 21:36:41,P4-max,200,5,500,2.5,1690,True,True,2.177,35638
2026-09-25 21:37:11,P4-max,200,10,1000,5.0,1690,True,True,1.367,64522
2026-09-25 21:37:11,P4-max,200,5,500,2.5,1690,True,True,1.366,64522
2026-09-25 21:37:11,P4-max,200,2,200,1.0,1690,True,True,3.378,64522
2026-09-25 21:37:11,P4-max,200,1.2,120,0.6,1690,True,True,54.759,64522
2026-09-25 21:37:11,P4-max,200,100,10000,50.0,1690,True,True,1.365,64522
2026-09-25 21:37:11,P4-max,200,1,100,0.5,1690,True,True,32.606,64522
2026-09-25 21:37:41,P4-max,200,5,500,2.5,1690,True,True,1.581,43998
2026-09-25 21:37:41,P4-max,200,2,200,1.0,1690,True,True,8.633,43998
2026-09-25 21:37:41,P4-max,200,100,10000,50.0,1690,True,True,0.575,43998
2026-09-25 21:37:41,P4-max,200,1.2,120,0.6,1690,True,True,63.983,43998
2026-09-25 21:37:41,P4-max,200,10,1000,5.0,1690,True,True,0.574,43998
2026-09-25 21:37:41,P4-max,200,1,100,0.5,1690,True,True,207.833,43998
2026-09-25 21:38:11,P4-max,200,1.2,120,0.6,1690,True,True,2.809,67612
2026-09-25 21:38:11,P4-max,200,1,100,0.5,1690,True,True,8.844,67612
2026-09-25 21:38:11,P4-max,200,10,1000,5.0,1690,True,True,1.803,67612
2026-09-25 21:38:11,P4-max,200,5,500,2.5,1690,True,True,1.803,67612
2026-09-25 21:38:11,P4-max,200,2,200,1.0,1690,True,True,3.811,67612
2026-09-25 21:38:11,P4-max,200,100,10000,50.0,1690,True,True,0.797,67612
2026-09-25 21:38:41,P4-max,200,10,1000,5.0,1690,True,True,0.964,53530
2026-09-25 21:38:41,P4-max,200,1,100,0.5,1690,True,True,11.02,53530
2026-09-25 21:38:41,P4-max,200,1.2,120,0.6,1690,True,True,11.019,53530
2026-09-25 21:38:41,P4-max,200,2,200,1.0,1690,True,True,2.977,53530
2026-09-25 21:38:41,P4-max,200,5,500,2.5,1690,True,True,0.962,53530
2026-09-25 21:38:41,P4-max,200,100,10000,50.0,1690,True,True,0.962,53530
2026-09-25 21:39:11,P4-max,200,1,100,0.5,1690,True,True,4.143,67080
2026-09-25 21:39:11,P4-max,200,100,10000,50.0,1690,True,True,1.121,67080
2026-09-25 21:39:11,P4-max,200,1.2,120,0.6,1690,True,True,3.137,67080
2026-09-25 21:39:11,P4-max,200,2,200,1.0,1690,True,True,2.133,67080
2026-09-25 21:39:11,P4-max,200,10,1000,5.0,1690,True,True,1.119,67080
2026-09-25 21:39:11,P4-max,200,5,500,2.5,1690,True,True,2.132,67080
2026-09-25 21:39:41,P4-max,200,1,100,0.5,1690,True,True,13.392,55976
2026-09-25 21:39:41,P4-max,200,5,500,2.5,1690,True,True,1.311,55976
2026-09-25 21:39:41,P4-max,200,1.2,120,0.6,1690,True,True,6.341,55976
2026-09-25 21:39:41,P4-max,200,10,1000,5.0,1690,True,True,1.31,55976
2026-09-25 21:39:41,P4-max,200,100,10000,50.0,1690,True,True,1.31,55976
2026-09-25 21:39:41,P4-max,200,2,200,1.0,1690,True,True,4.326,55976
2026-09-25 21:40:11,P4-max,200,10,1000,5.0,1690,True,True,1.489,65368
2026-09-25 21:40:11,P4-max,200,5,500,2.5,1690,True,True,1.489,65368
2026-09-25 21:40:11,P4-max,200,2,200,1.0,1690,True,True,3.501,65368
2026-09-25 21:40:11,P4-max,200,100,10000,50.0,1690,True,True,1.488,65368
2026-09-25 21:40:11,P4-max,200,1,100,0.5,1690,True,True,2.493,65368
2026-09-25 21:40:11,P4-max,200,1.2,120,0.6,1690,True,True,4.502,65368
2026-09-25 21:40:41,P4-max,200,5,500,2.5,1690,True,True,1.678,63512
2026-09-25 21:40:41,P4-max,200,2,200,1.0,1690,True,True,2.683,63512
2026-09-25 21:40:41,P4-max,200,1.2,120,0.6,1690,True,True,7.715,63512
2026-09-25 21:40:41,P4-max,200,100,10000,50.0,1690,True,True,0.667,63512
2026-09-25 21:40:41,P4-max,200,1,100,0.5,1690,True,True,4.695,63512
2026-09-25 21:40:41,P4-max,200,10,1000,5.0,1690,True,True,0.666,63512
2026-09-25 21:41:11,P4-max,200,1.2,120,0.6,1690,True,True,9.895,43091
2026-09-25 21:41:11,P4-max,200,5,500,2.5,1690,True,True,2.853,43091
2026-09-25 21:41:11,P4-max,200,1,100,0.5,1690,True,True,9.894,43091
2026-09-25 21:41:11,P4-max,200,2,200,1.0,1690,True,True,8.887,43091
2026-09-25 21:41:11,P4-max,200,100,10000,50.0,1690,True,True,1.847,43091
2026-09-25 21:41:11,P4-max,200,10,1000,5.0,1690,True,True,1.846,43091
2026-09-25 21:41:41,P4-max,200,1.2,120,0.6,1690,True,True,8.028,51788
2026-09-25 21:41:41,P4-max,200,5,500,2.5,1690,True,True,0.991,51788
2026-09-25 21:41:41,P4-max,200,10,1000,5.0,1690,True,True,0.99,51788
2026-09-25 21:41:41,P4-max,200,2,200,1.0,1690,True,True,8.026,51788
2026-09-25 21:41:41,P4-max,200,100,10000,50.0,1690,True,True,0.988,51788
2026-09-25 21:41:41,P4-max,200,1,100,0.5,1690,True,True,14.061,51788
2026-09-25 21:42:11,P4-max,200,1,100,0.5,1690,True,True,6.202,72433
2026-09-25 21:42:11,P4-max,200,10,1000,5.0,1690,True,True,1.175,72433
2026-09-25 21:42:11,P4-max,200,1.2,120,0.6,1690,True,True,5.195,72433
2026-09-25 21:42:11,P4-max,200,2,200,1.0,1690,True,True,4.191,72433
2026-09-25 21:42:11,P4-max,200,100,10000,50.0,1690,True,True,1.174,72433
2026-09-25 21:42:11,P4-max,200,5,500,2.5,1690,True,True,2.18,72433
2026-09-25 21:42:41,P4-max,200,1,100,0.5,1690,True,True,3.344,58886
2026-09-25 21:42:41,P4-max,200,2,200,1.0,1690,True,True,2.337,58886
2026-09-25 21:42:41,P4-max,200,5,500,2.5,1690,True,True,2.336,58886
2026-09-25 21:42:41,P4-max,200,1.2,120,0.6,1690,True,True,4.349,58886
2026-09-25 21:42:41,P4-max,200,100,10000,50.0,1690,True,True,1.323,58886
2026-09-25 21:42:41,P4-max,200,10,1000,5.0,1690,True,True,1.323,58886
2026-09-25 21:43:11,P4-max,200,2,200,1.0,1690,True,True,2.522,56732
2026-09-25 21:43:11,P4-max,200,10,1000,5.0,1690,True,True,0.504,56732
2026-09-25 21:43:11,P4-max,200,100,10000,50.0,1690,True,True,0.504,56732
2026-09-25 21:43:11,P4-max,200,5,500,2.5,1690,True,True,2.521,56732
2026-09-25 21:43:11,P4-max,200,1.2,120,0.6,1690,True,True,76.082,56732
2026-09-25 21:43:11,P4-max,200,1,100,0.5,1690,True,True,133.51,56732
2026-09-25 21:43:41,P4-max,200,2,200,1.0,1690,True,True,4.814,50674
2026-09-25 21:43:41,P4-max,200,1.2,120,0.6,1690,True,True,21.914,50674
2026-09-25 21:43:41,P4-max,200,100,10000,50.0,1690,True,True,1.801,50674
2026-09-25 21:43:41,P4-max,200,5,500,2.5,1690,True,True,1.8,50674
2026-09-25 21:43:41,P4-max,200,10,1000,5.0,1690,True,True,1.8,50674
2026-09-25 21:43:41,P4-max,200,1,100,0.5,1690,True,True,25.943,50674
2026-09-25 21:44:11,P4-max,200,2,200,1.0,1690,True,True,0.987,59945
2026-09-25 21:44:11,P4-max,200,10,1000,5.0,1690,True,True,0.986,59945
2026-09-25 21:44:11,P4-max,200,5,500,2.5,1690,True,True,1.991,59945
2026-09-25 21:44:11,P4-max,200,1.2,120,0.6,1690,True,True,25.141,59945
2026-09-25 21:44:11,P4-max,200,100,10000,50.0,1690,True,True,0.984,59945
2026-09-25 21:44:11,P4-max,200,1,100,0.5,1690,True,True,25.139,59945
2026-09-25 21:44:41,P4-max,200,1.2,120,0.6,1690,True,True,11.285,61250
2026-09-25 21:44:41,P4-max,200,1,100,0.5,1690,True,True,22.362,61250
2026-09-25 21:44:41,P4-max,200,2,200,1.0,1690,True,True,4.202,61250
2026-09-25 21:44:41,P4-max,200,10,1000,5.0,1690,True,True,1.181,61250
2026-09-25 21:44:41,P4-max,200,100,10000,50.0,1690,True,True,1.179,61250
2026-09-25 21:44:41,P4-max,200,5,500,2.5,1690,True,True,1.178,61250
2026-09-25 21:45:11,P4-max,200,1,100,0.5,1690,True,True,18.545,47939
2026-09-25 21:45:11,P4-max,200,10,1000,5.0,1690,True,True,1.428,47939
2026-09-25 21:45:11,P4-max,200,100,10000,50.0,1690,True,True,1.428,47939
2026-09-25 21:45:11,P4-max,200,5,500,2.5,1690,True,True,2.436,47939
2026-09-25 21:45:11,P4-max,200,1.2,120,0.6,1690,True,True,39.651,47939
2026-09-25 21:45:11,P4-max,200,2,200,1.0,1690,True,True,17.535,47939
2026-09-25 21:45:41,P4-max,200,100,10000,50.0,1690,True,True,1.611,74050
2026-09-25 21:45:41,P4-max,200,10,1000,5.0,1690,True,True,1.611,74050
2026-09-25 21:45:41,P4-max,200,5,500,2.5,1690,True,True,1.61,74050
2026-09-25 21:45:41,P4-max,200,2,200,1.0,1690,True,True,4.626,74050
2026-09-25 21:45:41,P4-max,200,1.2,120,0.6,1690,True,True,4.626,74050
2026-09-25 21:45:41,P4-max,200,1,100,0.5,1690,True,True,10.657,74050
2026-09-25 21:46:11,P4-max,200,10,1000,5.0,1690,True,True,1.773,35234
2026-09-25 21:46:11,P4-max,200,1,100,0.5,1690,True,True,9.845,35234
2026-09-25 21:46:11,P4-max,200,1.2,120,0.6,1690,True,True,65.15,35234
2026-09-25 21:46:11,P4-max,200,5,500,2.5,1690,True,True,3.804,35234
2026-09-25 21:46:11,P4-max,200,2,200,1.0,1690,True,True,25.929,35234
2026-09-25 21:46:11,P4-max,200,100,10000,50.0,1690,True,True,1.77,35234
2026-09-25 21:46:41,P4-max,200,1.2,120,0.6,1690,True,True,3.972,56788
2026-09-25 21:46:41,P4-max,200,5,500,2.5,1690,True,True,0.955,56788
2026-09-25 21:46:41,P4-max,200,1,100,0.5,1690,True,True,3.971,56788
2026-09-25 21:46:41,P4-max,200,10,1000,5.0,1690,True,True,0.954,56788
2026-09-25 21:46:41,P4-max,200,100,10000,50.0,1690,True,True,0.953,56788
2026-09-25 21:46:41,P4-max,200,2,200,1.0,1690,True,True,2.964,56788
2026-09-25 21:47:11,P4-max,200,100,10000,50.0,1690,True,True,2.115,30021
2026-09-25 21:47:11,P4-max,200,1,100,0.5,1690,True,True,8.174,30021
2026-09-25 21:47:11,P4-max,200,1.2,120,0.6,1690,True,True,39.39,30021
2026-09-25 21:47:11,P4-max,200,2,200,1.0,1690,True,True,5.149,30021
2026-09-25 21:47:11,P4-max,200,10,1000,5.0,1690,True,True,2.113,30021
2026-09-25 21:47:11,P4-max,200,5,500,2.5,1690,True,True,4.131,30021
2026-09-25 21:47:41,P4-max,200,10,1000,5.0,1690,True,True,1.339,61023
2026-09-25 21:47:41,P4-max,200,5,500,2.5,1690,True,True,1.339,61023
2026-09-25 21:47:41,P4-max,200,100,10000,50.0,1690,True,True,1.338,61023
2026-09-25 21:47:41,P4-max,200,2,200,1.0,1690,True,True,6.371,61023
2026-09-25 21:47:41,P4-max,200,1.2,120,0.6,1690,True,True,10.392,61023
2026-09-25 21:47:41,P4-max,200,1,100,0.5,1690,True,True,5.363,61023
2026-09-25 21:48:11,P4-max,200,1,100,0.5,1690,True,True,11.578,45048
2026-09-25 21:48:11,P4-max,200,10,1000,5.0,1690,True,True,1.516,45048
2026-09-25 21:48:11,P4-max,200,100,10000,50.0,1690,True,True,1.516,45048
2026-09-25 21:48:11,P4-max,200,1.2,120,0.6,1690,True,True,9.562,45048
2026-09-25 21:48:11,P4-max,200,2,200,1.0,1690,True,True,4.531,45048
2026-09-25 21:48:11,P4-max,200,5,500,2.5,1690,True,True,2.519,45048
2026-09-25 21:48:41,P4-max,200,1.2,120,0.6,1690,True,True,7.799,73159
2026-09-25 21:48:41,P4-max,200,1,100,0.5,1690,True,True,6.794,73159
2026-09-25 21:48:41,P4-max,200,100,10000,50.0,1690,True,True,0.761,73159
2026-09-25 21:48:41,P4-max,200,5,500,2.5,1690,True,True,1.765,73159
2026-09-25 21:48:41,P4-max,200,10,1000,5.0,1690,True,True,0.759,73159
2026-09-25 21:48:41,P4-max,200,2,200,1.0,1690,True,True,7.796,73159
2026-09-25 21:49:11,P4-max,200,1,100,0.5,1690,True,True,10.989,45671
2026-09-25 21:49:11,P4-max,200,1.2,120,0.6,1690,True,True,11.993,45671
2026-09-25 21:49:11,P4-max,200,100,10000,50.0,1690,True,True,0.925,45671
2026-09-25 21:49:11,P4-max,200,2,200,1.0,1690,True,True,2.938,45671
2026-09-25 21:49:11,P4-max,200,5,500,2.5,1690,True,True,0.924,45671
2026-09-25 21:49:11,P4-max,200,10,1000,5.0,1690,True,True,0.918,45671
2026-09-25 21:49:41,P4-max,200,1,100,0.5,1690,True,True,2.107,26960
2026-09-25 21:49:41,P4-max,200,1.2,120,0.6,1690,True,True,2.106,26960
2026-09-25 21:49:41,P4-max,200,2,200,1.0,1690,True,True,2.106,26960
2026-09-25 21:49:41,P4-max,200,100,10000,50.0,1690,True,True,1.098,26960
2026-09-25 21:49:41,P4-max,200,5,500,2.5,1690,True,True,1.097,26960
2026-09-25 21:49:41,P4-max,200,10,1000,5.0,1690,True,True,1.097,26960
2026-09-25 21:50:11,P4-max,200,1,100,0.5,1690,True,True,1.167,981
2026-09-25 21:50:11,P4-max,200,1.2,120,0.6,1690,True,True,1.167,981
2026-09-25 21:50:11,P4-max,200,100,10000,50.0,1690,True,True,1.166,981
2026-09-25 21:50:11,P4-max,200,10,1000,5.0,1690,True,True,1.166,981
2026-09-25 21:50:11,P4-max,200,2,200,1.0,1690,True,True,1.166,981
2026-09-25 21:50:11,P4-max,200,5,500,2.5,1690,True,True,1.165,981
